Workbook

Sheet Resumo_Analise
A1: 📊 RESUMO ANALÍTICO - VÁLVULAS DIAFRAGMA
A3: 🔧 FERMENTADORES (FTD01-FTD12) | E3: 🧪 PROPAGADORES (PGD01-PGD12) | I3: ⚙️ BLENDERS (BLD01-BLD02)
A5: Equipamento | B5: GEMÜ | C5: ZDL | E5: Equipamento | F5: GEMÜ | G5: ZDL | I5: Equipamento | J5: GEMÜ | K5: ZDL
A6: FTD01 | B6: =COUNTIF('FTD01'!G:G,"GEMÜ") -> 35 | C6: =COUNTIF('FTD01'!G:G,"ZDL") -> 7 | E6: PGD01 | F6: =COUNTIF('PGD01'!G:G,"GEMÜ") -> 32 | G6: =COUNTIF('PGD01'!G:G,"ZDL") -> 6 | I6: BLD01 | J6: =COUNTIF('BLD02'!G:G,"GEMÜ") -> 22 | K6: =COUNTIF('BLD02'!G:G,"ZDL") -> 8
A7: FTD02 | B7: =COUNTIF('FTD02'!G:G,"GEMÜ") -> 35 | C7: =COUNTIF('FTD02'!G:G,"ZDL") -> 7 | E7: PGD02 | F7: =COUNTIF('PGD02'!G:G,"GEMÜ") -> 34 | G7: =COUNTIF('PGD02'!G:G,"ZDL") -> 4 | I7: BLD02 | J7: 22 | K7: 8
A8: FTD03 | B8: =COUNTIF('FTD03'!G:G,"GEMÜ") -> 35 | C8: =COUNTIF('FTD03'!G:G,"ZDL") -> 7 | E8: PGD03 | F8: =COUNTIF('PGD03'!G:G,"GEMÜ") -> 33 | G8: =COUNTIF('PGD03'!G:G,"ZDL") -> 5 | I8: TOTAL BLD | J8: =SUM(J6:J7) -> 44 | K8: =SUM(K6:K7) -> 16
A9: FTD04 | B9: =COUNTIF('FTD04'!G:G,"GEMÜ") -> 35 | C9: =COUNTIF('FTD04'!G:G,"ZDL") -> 7 | E9: PGD04 | F9: =COUNTIF('PGD04'!G:G,"GEMÜ") -> 33 | G9: =COUNTIF('PGD04'!G:G,"ZDL") -> 5
A10: FTD05 | B10: =COUNTIF('FTD05'!G:G,"GEMÜ") -> 34 | C10: =COUNTIF('FTD05'!G:G,"ZDL") -> 8 | E10: PGD05 | F10: =COUNTIF('PGD05'!G:G,"GEMÜ") -> 33 | G10: =COUNTIF('PGD05'!G:G,"ZDL") -> 5
A11: FTD06 | B11: =COUNTIF('FTD06'!G:G,"GEMÜ") -> 36 | C11: =COUNTIF('FTD06'!G:G,"ZDL") -> 6 | E11: PGD06 | F11: =COUNTIF('PGD06'!G:G,"GEMÜ") -> 33 | G11: =COUNTIF('PGD06'!G:G,"ZDL") -> 5
A12: FTD07 | B12: =COUNTIF('FTD07'!G:G,"GEMÜ") -> 36 | C12: =COUNTIF('FTD07'!G:G,"ZDL") -> 7 | E12: PGD07 | F12: =COUNTIF('PGD07'!G:G,"GEMÜ") -> 33 | G12: =COUNTIF('PGD07'!G:G,"ZDL") -> 5
A13: FTD08 | B13: =COUNTIF('FTD08'!G:G,"GEMÜ") -> 36 | C13: =COUNTIF('FTD08'!G:G,"ZDL") -> 6 | E13: PGD08 | F13: =COUNTIF('PGD08'!G:G,"GEMÜ") -> 32 | G13: =COUNTIF('PGD08'!G:G,"ZDL") -> 6
A14: FTD09 | B14: =COUNTIF('FTD09'!G:G,"GEMÜ") -> 34 | C14: =COUNTIF('FTD09'!G:G,"ZDL") -> 9 | E14: PGD09 | F14: =COUNTIF('PGD09'!G:G,"GEMÜ") -> 33 | G14: =COUNTIF('PGD09'!G:G,"ZDL") -> 5
A15: FTD10 | B15: =COUNTIF('FTD10'!G:G,"GEMÜ") -> 34 | C15: =COUNTIF('FTD10'!G:G,"ZDL") -> 9 | E15: PGD10 | F15: =COUNTIF('PGD10'!G:G,"GEMÜ") -> 33 | G15: =COUNTIF('PGD10'!G:G,"ZDL") -> 5
A16: FTD11 | B16: =COUNTIF('FTD11'!G:G,"GEMÜ") -> 35 | C16: =COUNTIF('FTD11'!G:G,"ZDL") -> 7 | E16: PGD11 | F16: =COUNTIF('PGD11'!G:G,"GEMÜ") -> 33 | G16: =COUNTIF('PGD11'!G:G,"ZDL") -> 5
A17: FTD12 | B17: =COUNTIF('FTD12'!G:G,"GEMÜ") -> 34 | C17: =COUNTIF('FTD12'!G:G,"ZDL") -> 0 | E17: PGD12 | F17: =COUNTIF('PGD12'!G:G,"GEMÜ") -> 33 | G17: =COUNTIF('PGD12'!G:G,"ZDL") -> 5
A18: TOTAL FTD | B18: =SUM(B6:B17) -> 419 | C18: =SUM(C6:C17) -> 80 | E18: TOTAL PGD | F18: =SUM(F6:F17) -> 395 | G18: =SUM(G6:G17) -> 61
A21: 📈 CONSOLIDADO GERAL
A23: Categoria | B23: GEMÜ | C23: ZDL
A24: Fermentadores (FTD) | B24: =B18 -> 419 | C24: =C18 -> 80
A25: Propagadores (PGD) | B25: =F18 -> 395 | C25: =G18 -> 61
A26: Blenders (BLD) | B26: =J8 -> 44 | C26: =K8 -> 16
A27: TOTAL GERAL | B27: =SUM(B24:B26) -> 858 | C27: =SUM(C24:C26) -> 157

Sheet Lista REV PGD
B2: FTD01 | E2: FTD02 | H2: FTD03 | K2: FTD04 | N2: FTD05 | Q2: FTD06 | T2: FTD07 | W2: FTD08 | Z2: FTD09 | AC2: FTD10 | AF2: FTD11 | AI2: FTD12 | AN2: PGD01 | AR2: PGD02 | AV2: PGD03 | AZ2: PGD04 | BD2: PGD05 | BH2: PGD06 | BL2: PGD07 | BP2: PGD08 | BT2: PGD09 | BX2: PGD10 | CB2: PGD11 | CF2: PGD12 | CL2: BLD01 | CO2: BLD02
B3: DESCRIÇÃO | C3: DN | D3: MARCA | E3: DESCRIÇÃO | F3: DN | G3: MARCA | H3: DESCRIÇÃO | I3: DN | J3: MARCA | K3: DESCRIÇÃO | L3: DN | M3: MARCA | N3: DESCRIÇÃO | O3: DN | P3: MARCA | Q3: DESCRIÇÃO | R3: DN | S3: MARCA | T3: DESCRIÇÃO | U3: DN | V3: MARCA | W3: DESCRIÇÃO | X3: DN | Y3: MARCA | Z3: DESCRIÇÃO | AA3: DN | AB3: MARCA | AC3: DESCRIÇÃO | AD3: DN | AE3: MARCA | AF3: DESCRIÇÃO | AG3: DN | AH3: MARCA | AI3: DESCRIÇÃO | AJ3: DN | AK3: MARCA | AN3: LOCAL | AO3: DESCRIÇÃO | AP3: DN | AQ3: TAG | AR3: LOCAL | AS3: DESCRIÇÃO | AT3: DN | AU3: MARCA | AV3: LOCAL | AW3: DESCRIÇÃO | AX3: DN | AY3: MARCA | AZ3: LOCAL | BA3: DESCRIÇÃO | BB3: DN | BC3: MARCA | BD3: LOCAL | BE3: DESCRIÇÃO | BF3: DN | BG3: MARCA | BH3: LOCAL | BI3: DESCRIÇÃO | BJ3: DN | BK3: MARCA | BL3: LOCAL | BM3: DESCRIÇÃO | BN3: DN | BO3: MARCA | BP3: LOCAL | BQ3: DESCRIÇÃO | BR3: DN | BS3: MARCA | BT3: LOCAL | BU3: DESCRIÇÃO | BV3: DN | BW3: MARCA | BX3: LOCAL | BY3: DESCRIÇÃO | BZ3: DN | CA3: MARCA | CB3: LOCAL | CC3: DESCRIÇÃO | CD3: DN | CE3: MARCA | CF3: LOCAL | CG3: DESCRIÇÃO | CH3: DN | CI3: MARCA | CL3: DESCRIÇÃO | CM3: DN | CN3: MARCA | CO3: DESCRIÇÃO | CP3: DN | CQ3: MARCA
B4: Alimentação de vapor fundo do tanque e bloco de amostra | C4: DN-8 | D4: ZDL | E4: =VLOOKUP(B4,'FTD02'!C:E,1,0) -> Alimentação de vapor fundo do tanque e bloco de amostra | F4: =VLOOKUP(B4,'FTD02'!C:E,3,0) -> DN-8 | G4: =VLOOKUP(B4,'FTD02'!C:G,5,0) -> ZDL | H4: =VLOOKUP(B4,'FTD03'!C:E,1,0) -> Alimentação de vapor fundo do tanque e bloco de amostra | I4: =VLOOKUP(B4,'FTD03'!C:E,3,0) -> DN-8 | J4: =VLOOKUP(B4,'FTD03'!C:G,5,0) -> ZDL | K4: =VLOOKUP(B4,'FTD04'!C:E,1,0) -> Alimentação de vapor fundo do tanque e bloco de amostra | L4: =VLOOKUP(B4,'FTD04'!C:E,3,0) -> DN-8 | M4: =VLOOKUP(B4,'FTD04'!C:G,5,0) -> GEMÜ | N4: =VLOOKUP(B4,'FTD05'!C:E,1,0) -> Alimentação de vapor fundo do tanque e bloco de amostra | O4: =VLOOKUP(B4,'FTD05'!C:E,3,0) -> DN-8 | P4: =VLOOKUP(B4,'FTD05'!C:G,5,0) -> ZDL | Q4: =VLOOKUP(B4,'FTD06'!C:E,1,0) -> Alimentação de vapor fundo do tanque e bloco de amostra | R4: =VLOOKUP(B4,'FTD06'!C:E,3,0) -> DN-8 | S4: =VLOOKUP(B4,'FTD06'!C:G,5,0) -> ZDL | T4: =VLOOKUP(B4,'FTD07'!C:E,1,0) -> Alimentação de vapor fundo do tanque e bloco de amostra | U4: =VLOOKUP(B4,'FTD07'!C:E,3,0) -> DN-8 | V4: =VLOOKUP(B4,'FTD07'!C:G,5,0) -> GEMÜ | W4: =VLOOKUP(B4,'FTD08'!C:E,1,0) -> Alimentação de vapor fundo do tanque e bloco de amostra | X4: =VLOOKUP(B4,'FTD08'!C:E,3,0) -> DN-8 | Y4: =VLOOKUP(B4,'FTD08'!C:G,5,0) -> GEMÜ | Z4: =VLOOKUP(B4,'FTD09'!C:E,1,0) -> Alimentação de vapor fundo do tanque e bloco de amostra | AA4: =VLOOKUP(B4,'FTD09'!C:E,3,0) -> DN-8 | AB4: =VLOOKUP(B4,'FTD09'!C:G,5,0) -> ZDL | AC4: =VLOOKUP(B4,'FTD10'!C:E,1,0) -> Alimentação de vapor fundo do tanque e bloco de amostra | AD4: =VLOOKUP(B4,'FTD10'!C:E,3,0) -> DN-8 | AE4: =VLOOKUP(B4,'FTD10'!C:G,5,0) -> GEMÜ | AF4: =VLOOKUP(B4,'FTD11'!C:E,1,0) -> Alimentação de vapor fundo do tanque e bloco de amostra | AG4: =VLOOKUP(B4,'FTD11'!C:E,3,0) -> DN-8 | AH4: =VLOOKUP(B4,'FTD11'!C:G,5,0) -> GEMÜ | AI4: =VLOOKUP(B4,'FTD12'!C:E,1,0) -> Alimentação de vapor fundo do tanque e bloco de amostra | AJ4: =VLOOKUP(B4,'FTD12'!C:E,3,0) -> DN-8 | AK4: =VLOOKUP(B4,'FTD12'!C:G,5,0) -> ZDL | AL4: =COUNTIF(E4:AJ4,AJ4) -> 11 | AN4: Inferior | AO4: Bloco 2 vias fundo – Vapor | AP4: DN-40 | AQ4: BV-09.22 | AR4: =VLOOKUP(AN4,'PGD02'!A:E,1,0) -> Inferior | AS4: =VLOOKUP(AO4,'PGD02'!C:E,1,0) -> Bloco 2 vias fundo – Vapor | AT4: =VLOOKUP(AO4,'PGD02'!C:E,3,0) -> DN-40 | AU4: =VLOOKUP(AO4,'PGD02'!C:G,5,0) -> GEMÜ | AV4: =VLOOKUP(AN4,'PGD03'!A:E,1,0) -> Inferior | AW4: =VLOOKUP(AO4,'PGD03'!C:E,1,0) -> Bloco 2 vias fundo – Vapor | AX4: =VLOOKUP(AO4,'PGD03'!C:E,3,0) -> DN-40 | AY4: =VLOOKUP(AO4,'PGD03'!C:G,5,0) -> GEMÜ | AZ4: =VLOOKUP(AN4,'PGD04'!A:E,1,0) -> Inferior | BA4: =VLOOKUP(AO4,'PGD03'!C:E,1,0) -> Bloco 2 vias fundo – Vapor | BB4: =VLOOKUP(AO4,'PGD04'!C:E,3,0) -> DN-40 | BC4: =VLOOKUP(AO4,'PGD04'!C:G,5,0) -> GEMÜ | BD4: =VLOOKUP(AN4,'PGD05'!A:E,1,0) -> Inferior | BE4: =VLOOKUP(AO4,'PGD05'!C:E,1,0) -> Bloco 2 vias fundo – Vapor | BF4: =VLOOKUP(AO4,'PGD05'!C:E,3,0) -> DN-40 | BG4: =VLOOKUP(AO4,'PGD05'!C:G,5,0) -> GEMÜ | BH4: =VLOOKUP(AN4,'PGD06'!A:E,1,0) -> Inferior | BI4: =VLOOKUP(AO4,'PGD06'!C:E,1,0) -> Bloco 2 vias fundo – Vapor | BJ4: =VLOOKUP(AO4,'PGD06'!C:E,3,0) -> DN-40 | BK4: =VLOOKUP(AO4,'PGD06'!C:G,5,0) -> GEMÜ | BL4: =VLOOKUP(AN4,'PGD07'!A:E,1,0) -> Inferior | BM4: =VLOOKUP(AO4,'PGD07'!C:E,1,0) -> Bloco 2 vias fundo – Vapor | BN4: =VLOOKUP(AO4,'PGD07'!C:E,3,0) -> DN-40 | BO4: =VLOOKUP(AO4,'PGD07'!C:G,5,0) -> GEMÜ | BP4: =VLOOKUP(AN4,'PGD08'!A:E,1,0) -> Inferior | BQ4: =VLOOKUP(AO4,'PGD08'!C:E,1,0) -> Bloco 2 vias fundo – Vapor | BR4: =VLOOKUP(AO4,'PGD08'!C:E,3,0) -> DN-40 | BS4: =VLOOKUP(AO4,'PGD08'!C:G,5,0) -> GEMÜ | BT4: =VLOOKUP(AN4,'PGD09'!A:E,1,0) -> Inferior | BU4: =VLOOKUP(AO4,'PGD09'!C:E,1,0) -> Bloco 2 vias fundo – Vapor | BV4: =VLOOKUP(AO4,'PGD09'!C:E,3,0) -> DN-40 | BW4: =VLOOKUP(AO4,'PGD09'!C:G,5,0) -> GEMÜ | BX4: =VLOOKUP(AN4,'PGD10'!A:E,1,0) -> Inferior | BY4: =VLOOKUP(AO4,'PGD10'!C:E,1,0) -> Bloco 2 vias fundo – Vapor | BZ4: =VLOOKUP(AO4,'PGD10'!C:E,3,0) -> DN-40 | CA4: =VLOOKUP(AO4,'PGD10'!C:G,5,0) -> GEMÜ | CB4: =VLOOKUP(AN4,'PGD11'!A:E,1,0) -> Inferior | CC4: =VLOOKUP(AO4,'PGD11'!C:E,1,0) -> Bloco 2 vias fundo – Vapor | CD4: =VLOOKUP(AO4,'PGD11'!C:E,3,0) -> DN-40 | CE4: =VLOOKUP(AO4,'PGD11'!C:G,5,0) -> GEMÜ | CF4: =VLOOKUP(AN4,'PGD12'!A:E,1,0) -> Inferior | CG4: =VLOOKUP(AO4,'PGD12'!C:E,1,0) -> Bloco 2 vias fundo – Vapor | CH4: =VLOOKUP(AO4,'PGD12'!C:E,3,0) -> DN-40 | CI4: =VLOOKUP(AO4,'PGD12'!C:G,5,0) -> ZDL | CJ4: =COUNTIF(AS4:CH4,CH4) -> 11 | CL4: Bloco válv. 3 vias coletor de amostra Entrada tanque | CM4: DN-15 | CN4: ZDL | CO4: =VLOOKUP(CL4,'BLD03'!C:E,1,0) -> Bloco válv. 3 vias coletor de amostra Entrada tanque | CP4: =VLOOKUP(CL4,'BLD03'!C:E,3,0) -> DN-15 | CQ4: =VLOOKUP(CL4,'BLD02'!C:G,5,0) -> ZDL | CR4: =COUNTIF(CL4:CP4,CP4) -> 2
B5: Bloco 2 vias fundo – fundo | C5: DN-40 | D5: GEMÜ | E5: =VLOOKUP(B5,'FTD02'!C:E,1,0) -> Bloco 2 vias fundo – fundo | F5: =VLOOKUP(B5,'FTD02'!C:E,3,0) -> DN-40 | G5: =VLOOKUP(B5,'FTD02'!C:G,5,0) -> GEMÜ | H5: =VLOOKUP(B5,'FTD03'!C:E,1,0) -> Bloco 2 vias fundo – fundo | I5: =VLOOKUP(B5,'FTD03'!C:E,3,0) -> DN-40 | J5: =VLOOKUP(B5,'FTD03'!C:G,5,0) -> GEMÜ | K5: =VLOOKUP(B5,'FTD04'!C:E,1,0) -> Bloco 2 vias fundo – fundo | L5: =VLOOKUP(B5,'FTD04'!C:E,3,0) -> DN-40 | M5: =VLOOKUP(B5,'FTD04'!C:G,5,0) -> GEMÜ | N5: =VLOOKUP(B5,'FTD05'!C:E,1,0) -> Bloco 2 vias fundo – fundo | O5: =VLOOKUP(B5,'FTD05'!C:E,3,0) -> DN-40 | P5: =VLOOKUP(B5,'FTD05'!C:G,5,0) -> GEMÜ | Q5: =VLOOKUP(B5,'FTD06'!C:E,1,0) -> Bloco 2 vias fundo – fundo | R5: =VLOOKUP(B5,'FTD06'!C:E,3,0) -> DN-40 | S5: =VLOOKUP(B5,'FTD06'!C:G,5,0) -> GEMÜ | T5: =VLOOKUP(B5,'FTD07'!C:E,1,0) -> Bloco 2 vias fundo – fundo | U5: =VLOOKUP(B5,'FTD07'!C:E,3,0) -> DN-40 | V5: =VLOOKUP(B5,'FTD07'!C:G,5,0) -> GEMÜ | W5: =VLOOKUP(B5,'FTD08'!C:E,1,0) -> Bloco 2 vias fundo – fundo | X5: =VLOOKUP(B5,'FTD08'!C:E,3,0) -> DN-40 | Y5: =VLOOKUP(B5,'FTD08'!C:G,5,0) -> GEMÜ | Z5: =VLOOKUP(B5,'FTD09'!C:E,1,0) -> Bloco 2 vias fundo – fundo | AA5: =VLOOKUP(B5,'FTD09'!C:E,3,0) -> DN-40 | AB5: =VLOOKUP(B5,'FTD09'!C:G,5,0) -> GEMÜ | AC5: =VLOOKUP(B5,'FTD10'!C:E,1,0) -> Bloco 2 vias fundo – fundo | AD5: =VLOOKUP(B5,'FTD10'!C:E,3,0) -> DN-40 | AE5: =VLOOKUP(B5,'FTD10'!C:G,5,0) -> GEMÜ | AF5: =VLOOKUP(B5,'FTD11'!C:E,1,0) -> Bloco 2 vias fundo – fundo | AG5: =VLOOKUP(B5,'FTD11'!C:E,3,0) -> DN-40 | AH5: =VLOOKUP(B5,'FTD11'!C:G,5,0) -> GEMÜ | AI5: =VLOOKUP(B5,'FTD12'!C:E,1,0) -> Bloco 2 vias fundo – fundo | AJ5: =VLOOKUP(B5,'FTD12'!C:E,3,0) -> DN-40 | AK5: =VLOOKUP(B5,'FTD12'!C:G,5,0) -> GEMÜ | AL5: =COUNTIF(E5:AJ5,AJ5) -> 11 | AN5: Inferior | AO5: Bloco válv. 3 vias coletor de amostra Dreno vapor | AP5: DN-15 | AQ5: Válvula manual | AR5: =VLOOKUP(AN5,'PGD02'!A:E,1,0) -> Inferior | AS5: =VLOOKUP(AO5,'PGD02'!C:E,1,0) -> Bloco válv. 3 vias coletor de amostra Dreno vapor | AT5: =VLOOKUP(AO5,'PGD02'!C:E,3,0) -> DN-15 | AU5: =VLOOKUP(AO5,'PGD02'!C:G,5,0) -> ZDL | AV5: =VLOOKUP(AN5,'PGD03'!A:E,1,0) -> Inferior | AW5: =VLOOKUP(AO5,'PGD03'!C:E,1,0) -> Bloco válv. 3 vias coletor de amostra Dreno vapor | AX5: =VLOOKUP(AO5,'PGD03'!C:E,3,0) -> DN-15 | AY5: =VLOOKUP(AO5,'PGD03'!C:G,5,0) -> ZDL | AZ5: =VLOOKUP(AN5,'PGD04'!A:E,1,0) -> Inferior | BA5: =VLOOKUP(AO5,'PGD03'!C:E,1,0) -> Bloco válv. 3 vias coletor de amostra Dreno vapor | BB5: =VLOOKUP(AO5,'PGD04'!C:E,3,0) -> DN-15 | BC5: =VLOOKUP(AO5,'PGD04'!C:G,5,0) -> ZDL | BD5: =VLOOKUP(AN5,'PGD05'!A:E,1,0) -> Inferior | BE5: =VLOOKUP(AO5,'PGD05'!C:E,1,0) -> Bloco válv. 3 vias coletor de amostra Dreno vapor | BF5: =VLOOKUP(AO5,'PGD05'!C:E,3,0) -> DN-15 | BG5: =VLOOKUP(AO5,'PGD05'!C:G,5,0) -> ZDL | BH5: =VLOOKUP(AN5,'PGD06'!A:E,1,0) -> Inferior | BI5: =VLOOKUP(AO5,'PGD06'!C:E,1,0) -> Bloco válv. 3 vias coletor de amostra Dreno vapor | BJ5: =VLOOKUP(AO5,'PGD06'!C:E,3,0) -> DN-15 | BK5: =VLOOKUP(AO5,'PGD06'!C:G,5,0) -> ZDL | BL5: =VLOOKUP(AN5,'PGD07'!A:E,1,0) -> Inferior | BM5: =VLOOKUP(AO5,'PGD07'!C:E,1,0) -> Bloco válv. 3 vias coletor de amostra Dreno vapor | BN5: =VLOOKUP(AO5,'PGD07'!C:E,3,0) -> DN-15 | BO5: =VLOOKUP(AO5,'PGD07'!C:G,5,0) -> ZDL | BP5: =VLOOKUP(AN5,'PGD08'!A:E,1,0) -> Inferior | BQ5: =VLOOKUP(AO5,'PGD08'!C:E,1,0) -> Bloco válv. 3 vias coletor de amostra Dreno vapor | BR5: =VLOOKUP(AO5,'PGD08'!C:E,3,0) -> DN-15 | BS5: =VLOOKUP(AO5,'PGD08'!C:G,5,0) -> ZDL | BT5: =VLOOKUP(AN5,'PGD09'!A:E,1,0) -> Inferior | BU5: =VLOOKUP(AO5,'PGD09'!C:E,1,0) -> Bloco válv. 3 vias coletor de amostra Dreno vapor | BV5: =VLOOKUP(AO5,'PGD09'!C:E,3,0) -> DN-15 | BW5: =VLOOKUP(AO5,'PGD09'!C:G,5,0) -> ZDL | BX5: =VLOOKUP(AN5,'PGD10'!A:E,1,0) -> Inferior | BY5: =VLOOKUP(AO5,'PGD10'!C:E,1,0) -> Bloco válv. 3 vias coletor de amostra Dreno vapor | BZ5: =VLOOKUP(AO5,'PGD10'!C:E,3,0) -> DN-15 | CA5: =VLOOKUP(AO5,'PGD10'!C:G,5,0) -> ZDL | CB5: =VLOOKUP(AN5,'PGD11'!A:E,1,0) -> Inferior | CC5: =VLOOKUP(AO5,'PGD11'!C:E,1,0) -> Bloco válv. 3 vias coletor de amostra Dreno vapor | CD5: =VLOOKUP(AO5,'PGD11'!C:E,3,0) -> DN-15 | CE5: =VLOOKUP(AO5,'PGD11'!C:G,5,0) -> ZDL | CF5: =VLOOKUP(AN5,'PGD12'!A:E,1,0) -> Inferior | CG5: =VLOOKUP(AO5,'PGD12'!C:E,1,0) -> Bloco válv. 3 vias coletor de amostra Dreno vapor | CH5: =VLOOKUP(AO5,'PGD12'!C:E,3,0) -> DN-15 | CI5: =VLOOKUP(AO5,'PGD12'!C:G,5,0) -> ZDL | CJ5: =COUNTIF(AS5:CH5,CH5) -> 11 | CL5: Bloco válv. 3 vias coletor de amostra Entrada vapor | CM5: DN-15 | CN5: ZDL | CO5: =VLOOKUP(CL5,'BLD03'!C:E,1,0) -> Bloco válv. 3 vias coletor de amostra Entrada vapor | CP5: =VLOOKUP(CL5,'BLD03'!C:E,3,0) -> DN-15 | CQ5: =VLOOKUP(CL5,'BLD02'!C:G,5,0) -> ZDL | CR5: =COUNTIF(CL5:CP5,CP5) -> 2
B6: Bloco 2 vias fundo – vapor | C6: DN-8 | D6: ZDL | E6: =VLOOKUP(B6,'FTD02'!C:E,1,0) -> Bloco 2 vias fundo – vapor | F6: =VLOOKUP(B6,'FTD02'!C:E,3,0) -> DN-8 | G6: =VLOOKUP(B6,'FTD02'!C:G,5,0) -> ZDL | H6: =VLOOKUP(B6,'FTD03'!C:E,1,0) -> Bloco 2 vias fundo – vapor | I6: =VLOOKUP(B6,'FTD03'!C:E,3,0) -> DN-8 | J6: =VLOOKUP(B6,'FTD03'!C:G,5,0) -> ZDL | K6: =VLOOKUP(B6,'FTD04'!C:E,1,0) -> Bloco 2 vias fundo – vapor | L6: =VLOOKUP(B6,'FTD04'!C:E,3,0) -> DN-8 | M6: =VLOOKUP(B6,'FTD04'!C:G,5,0) -> ZDL | N6: =VLOOKUP(B6,'FTD05'!C:E,1,0) -> Bloco 2 vias fundo – vapor | O6: =VLOOKUP(B6,'FTD05'!C:E,3,0) -> DN-8 | P6: =VLOOKUP(B6,'FTD05'!C:G,5,0) -> ZDL | Q6: =VLOOKUP(B6,'FTD06'!C:E,1,0) -> Bloco 2 vias fundo – vapor | R6: =VLOOKUP(B6,'FTD06'!C:E,3,0) -> DN-8 | S6: =VLOOKUP(B6,'FTD06'!C:G,5,0) -> GEMÜ | T6: =VLOOKUP(B6,'FTD07'!C:E,1,0) -> Bloco 2 vias fundo – vapor | U6: =VLOOKUP(B6,'FTD07'!C:E,3,0) -> DN-8 | V6: =VLOOKUP(B6,'FTD07'!C:G,5,0) -> ZDL | W6: =VLOOKUP(B6,'FTD08'!C:E,1,0) -> Bloco 2 vias fundo – vapor | X6: =VLOOKUP(B6,'FTD08'!C:E,3,0) -> DN-8 | Y6: =VLOOKUP(B6,'FTD08'!C:G,5,0) -> ZDL | Z6: =VLOOKUP(B6,'FTD09'!C:E,1,0) -> Bloco 2 vias fundo – vapor | AA6: =VLOOKUP(B6,'FTD09'!C:E,3,0) -> DN-8 | AB6: =VLOOKUP(B6,'FTD09'!C:G,5,0) -> ZDL | AC6: =VLOOKUP(B6,'FTD10'!C:E,1,0) -> Bloco 2 vias fundo – vapor | AD6: =VLOOKUP(B6,'FTD10'!C:E,3,0) -> DN-8 | AE6: =VLOOKUP(B6,'FTD10'!C:G,5,0) -> ZDL | AF6: =VLOOKUP(B6,'FTD11'!C:E,1,0) -> Bloco 2 vias fundo – vapor | AG6: =VLOOKUP(B6,'FTD11'!C:E,3,0) -> DN-8 | AH6: =VLOOKUP(B6,'FTD11'!C:G,5,0) -> ZDL | AI6: =VLOOKUP(B6,'FTD12'!C:E,1,0) -> Bloco 2 vias fundo – vapor | AJ6: =VLOOKUP(B6,'FTD12'!C:E,3,0) -> DN-8 | AK6: =VLOOKUP(B6,'FTD12'!C:G,5,0) -> ZDL | AL6: =COUNTIF(E6:AJ6,AJ6) -> 11 | AN6: Inferior | AO6: Bloco válv. 3 vias coletor de amostra Entrada tanque | AP6: DN-15 | AQ6: Válvula manual | AR6: =VLOOKUP(AN6,'PGD02'!A:E,1,0) -> Inferior | AS6: =VLOOKUP(AO6,'PGD02'!C:E,1,0) -> Bloco válv. 3 vias coletor de amostra Entrada tanque | AT6: =VLOOKUP(AO6,'PGD02'!C:E,3,0) -> DN-15 | AU6: =VLOOKUP(AO6,'PGD02'!C:G,5,0) -> ZDL | AV6: =VLOOKUP(AN6,'PGD03'!A:E,1,0) -> Inferior | AW6: =VLOOKUP(AO6,'PGD03'!C:E,1,0) -> Bloco válv. 3 vias coletor de amostra Entrada tanque | AX6: =VLOOKUP(AO6,'PGD03'!C:E,3,0) -> DN-15 | AY6: =VLOOKUP(AO6,'PGD03'!C:G,5,0) -> ZDL | AZ6: =VLOOKUP(AN6,'PGD04'!A:E,1,0) -> Inferior | BA6: =VLOOKUP(AO6,'PGD03'!C:E,1,0) -> Bloco válv. 3 vias coletor de amostra Entrada tanque | BB6: =VLOOKUP(AO6,'PGD04'!C:E,3,0) -> DN-15 | BC6: =VLOOKUP(AO6,'PGD04'!C:G,5,0) -> ZDL | BD6: =VLOOKUP(AN6,'PGD05'!A:E,1,0) -> Inferior | BE6: =VLOOKUP(AO6,'PGD05'!C:E,1,0) -> Bloco válv. 3 vias coletor de amostra Entrada tanque | BF6: =VLOOKUP(AO6,'PGD05'!C:E,3,0) -> DN-15 | BG6: =VLOOKUP(AO6,'PGD05'!C:G,5,0) -> ZDL | BH6: =VLOOKUP(AN6,'PGD06'!A:E,1,0) -> Inferior | BI6: =VLOOKUP(AO6,'PGD06'!C:E,1,0) -> Bloco válv. 3 vias coletor de amostra Entrada tanque | BJ6: =VLOOKUP(AO6,'PGD06'!C:E,3,0) -> DN-15 | BK6: =VLOOKUP(AO6,'PGD06'!C:G,5,0) -> ZDL | BL6: =VLOOKUP(AN6,'PGD07'!A:E,1,0) -> Inferior | BM6: =VLOOKUP(AO6,'PGD07'!C:E,1,0) -> Bloco válv. 3 vias coletor de amostra Entrada tanque | BN6: =VLOOKUP(AO6,'PGD07'!C:E,3,0) -> DN-15 | BO6: =VLOOKUP(AO6,'PGD07'!C:G,5,0) -> ZDL | BP6: =VLOOKUP(AN6,'PGD08'!A:E,1,0) -> Inferior | BQ6: =VLOOKUP(AO6,'PGD08'!C:E,1,0) -> Bloco válv. 3 vias coletor de amostra Entrada tanque | BR6: =VLOOKUP(AO6,'PGD08'!C:E,3,0) -> DN-15 | BS6: =VLOOKUP(AO6,'PGD08'!C:G,5,0) -> ZDL | BT6: =VLOOKUP(AN6,'PGD09'!A:E,1,0) -> Inferior | BU6: =VLOOKUP(AO6,'PGD09'!C:E,1,0) -> Bloco válv. 3 vias coletor de amostra Entrada tanque | BV6: =VLOOKUP(AO6,'PGD09'!C:E,3,0) -> DN-15 | BW6: =VLOOKUP(AO6,'PGD09'!C:G,5,0) -> ZDL | BX6: =VLOOKUP(AN6,'PGD10'!A:E,1,0) -> Inferior | BY6: =VLOOKUP(AO6,'PGD10'!C:E,1,0) -> Bloco válv. 3 vias coletor de amostra Entrada tanque | BZ6: =VLOOKUP(AO6,'PGD10'!C:E,3,0) -> DN-15 | CA6: =VLOOKUP(AO6,'PGD10'!C:G,5,0) -> ZDL | CB6: =VLOOKUP(AN6,'PGD11'!A:E,1,0) -> Inferior | CC6: =VLOOKUP(AO6,'PGD11'!C:E,1,0) -> Bloco válv. 3 vias coletor de amostra Entrada tanque | CD6: =VLOOKUP(AO6,'PGD11'!C:E,3,0) -> DN-15 | CE6: =VLOOKUP(AO6,'PGD11'!C:G,5,0) -> ZDL | CF6: =VLOOKUP(AN6,'PGD12'!A:E,1,0) -> Inferior | CG6: =VLOOKUP(AO6,'PGD12'!C:E,1,0) -> Bloco válv. 3 vias coletor de amostra Entrada tanque | CH6: =VLOOKUP(AO6,'PGD12'!C:E,3,0) -> DN-15 | CI6: =VLOOKUP(AO6,'PGD12'!C:G,5,0) -> ZDL | CJ6: =COUNTIF(AS6:CH6,CH6) -> 11 | CL6: Bloco válv. 3 vias coletor de amostra Dreno vapor | CM6: DN-15 | CN6: ZDL | CO6: =VLOOKUP(CL6,'BLD03'!C:E,1,0) -> Bloco válv. 3 vias coletor de amostra Dreno vapor | CP6: =VLOOKUP(CL6,'BLD03'!C:E,3,0) -> DN-15 | CQ6: =VLOOKUP(CL6,'BLD02'!C:G,5,0) -> ZDL | CR6: =COUNTIF(CL6:CP6,CP6) -> 2
B7: Bloco válv. 3 vias coletor de amostra Dreno vapor | C7: DN-15 | D7: ZDL | E7: =VLOOKUP(B7,'FTD02'!C:E,1,0) -> Bloco válv. 3 vias coletor de amostra Dreno vapor | F7: =VLOOKUP(B7,'FTD02'!C:E,3,0) -> DN-15 | G7: =VLOOKUP(B7,'FTD02'!C:G,5,0) -> ZDL | H7: =VLOOKUP(B7,'FTD03'!C:E,1,0) -> Bloco válv. 3 vias coletor de amostra Dreno vapor | I7: =VLOOKUP(B7,'FTD03'!C:E,3,0) -> DN-15 | J7: =VLOOKUP(B7,'FTD03'!C:G,5,0) -> ZDL | K7: =VLOOKUP(B7,'FTD04'!C:E,1,0) -> Bloco válv. 3 vias coletor de amostra Dreno vapor | L7: =VLOOKUP(B7,'FTD04'!C:E,3,0) -> DN-15 | M7: =VLOOKUP(B7,'FTD04'!C:G,5,0) -> ZDL | N7: =VLOOKUP(B7,'FTD05'!C:E,1,0) -> Bloco válv. 3 vias coletor de amostra Dreno vapor | O7: =VLOOKUP(B7,'FTD05'!C:E,3,0) -> DN-15 | P7: =VLOOKUP(B7,'FTD05'!C:G,5,0) -> ZDL | Q7: =VLOOKUP(B7,'FTD06'!C:E,1,0) -> Bloco válv. 3 vias coletor de amostra Dreno vapor | R7: =VLOOKUP(B7,'FTD06'!C:E,3,0) -> DN-15 | S7: =VLOOKUP(B7,'FTD06'!C:G,5,0) -> ZDL | T7: =VLOOKUP(B7,'FTD07'!C:E,1,0) -> Bloco válv. 3 vias coletor de amostra Dreno vapor | U7: =VLOOKUP(B7,'FTD07'!C:E,3,0) -> DN-15 | V7: =VLOOKUP(B7,'FTD07'!C:G,5,0) -> ZDL | W7: =VLOOKUP(B7,'FTD08'!C:E,1,0) -> Bloco válv. 3 vias coletor de amostra Dreno vapor | X7: =VLOOKUP(B7,'FTD08'!C:E,3,0) -> DN-15 | Y7: =VLOOKUP(B7,'FTD08'!C:G,5,0) -> ZDL | Z7: =VLOOKUP(B7,'FTD09'!C:E,1,0) -> Bloco válv. 3 vias coletor de amostra Dreno vapor | AA7: =VLOOKUP(B7,'FTD09'!C:E,3,0) -> DN-15 | AB7: =VLOOKUP(B7,'FTD09'!C:G,5,0) -> ZDL | AC7: =VLOOKUP(B7,'FTD10'!C:E,1,0) -> Bloco válv. 3 vias coletor de amostra Dreno vapor | AD7: =VLOOKUP(B7,'FTD10'!C:E,3,0) -> DN-15 | AE7: =VLOOKUP(B7,'FTD10'!C:G,5,0) -> ZDL | AF7: =VLOOKUP(B7,'FTD11'!C:E,1,0) -> Bloco válv. 3 vias coletor de amostra Dreno vapor | AG7: =VLOOKUP(B7,'FTD11'!C:E,3,0) -> DN-15 | AH7: =VLOOKUP(B7,'FTD11'!C:G,5,0) -> ZDL | AI7: =VLOOKUP(B7,'FTD12'!C:E,1,0) -> Bloco válv. 3 vias coletor de amostra Dreno vapor | AJ7: =VLOOKUP(B7,'FTD12'!C:E,3,0) -> DN-15 | AK7: =VLOOKUP(B7,'FTD12'!C:G,5,0) -> ZDL | AL7: =COUNTIF(E7:AJ7,AJ7) -> 11 | AN7: Inferior | AO7: Bloco válv. 3 vias coletor de amostra Entrada vapor | AP7: DN-15 | AQ7: Válvula manual | AR7: =VLOOKUP(AN7,'PGD02'!A:E,1,0) -> Inferior | AS7: =VLOOKUP(AO7,'PGD02'!C:E,1,0) -> Bloco válv. 3 vias coletor de amostra Entrada vapor | AT7: =VLOOKUP(AO7,'PGD02'!C:E,3,0) -> DN-15 | AU7: =VLOOKUP(AO7,'PGD02'!C:G,5,0) -> ZDL | AV7: =VLOOKUP(AN7,'PGD03'!A:E,1,0) -> Inferior | AW7: =VLOOKUP(AO7,'PGD03'!C:E,1,0) -> Bloco válv. 3 vias coletor de amostra Entrada vapor | AX7: =VLOOKUP(AO7,'PGD03'!C:E,3,0) -> DN-15 | AY7: =VLOOKUP(AO7,'PGD03'!C:G,5,0) -> ZDL | AZ7: =VLOOKUP(AN7,'PGD04'!A:E,1,0) -> Inferior | BA7: =VLOOKUP(AO7,'PGD03'!C:E,1,0) -> Bloco válv. 3 vias coletor de amostra Entrada vapor | BB7: =VLOOKUP(AO7,'PGD04'!C:E,3,0) -> DN-15 | BC7: =VLOOKUP(AO7,'PGD04'!C:G,5,0) -> ZDL | BD7: =VLOOKUP(AN7,'PGD05'!A:E,1,0) -> Inferior | BE7: =VLOOKUP(AO7,'PGD05'!C:E,1,0) -> Bloco válv. 3 vias coletor de amostra Entrada vapor | BF7: =VLOOKUP(AO7,'PGD05'!C:E,3,0) -> DN-15 | BG7: =VLOOKUP(AO7,'PGD05'!C:G,5,0) -> ZDL | BH7: =VLOOKUP(AN7,'PGD06'!A:E,1,0) -> Inferior | BI7: =VLOOKUP(AO7,'PGD06'!C:E,1,0) -> Bloco válv. 3 vias coletor de amostra Entrada vapor | BJ7: =VLOOKUP(AO7,'PGD06'!C:E,3,0) -> DN-15 | BK7: =VLOOKUP(AO7,'PGD06'!C:G,5,0) -> ZDL | BL7: =VLOOKUP(AN7,'PGD07'!A:E,1,0) -> Inferior | BM7: =VLOOKUP(AO7,'PGD07'!C:E,1,0) -> Bloco válv. 3 vias coletor de amostra Entrada vapor | BN7: =VLOOKUP(AO7,'PGD07'!C:E,3,0) -> DN-15 | BO7: =VLOOKUP(AO7,'PGD07'!C:G,5,0) -> ZDL | BP7: =VLOOKUP(AN7,'PGD08'!A:E,1,0) -> Inferior | BQ7: =VLOOKUP(AO7,'PGD08'!C:E,1,0) -> Bloco válv. 3 vias coletor de amostra Entrada vapor | BR7: =VLOOKUP(AO7,'PGD08'!C:E,3,0) -> DN-15 | BS7: =VLOOKUP(AO7,'PGD08'!C:G,5,0) -> ZDL | BT7: =VLOOKUP(AN7,'PGD09'!A:E,1,0) -> Inferior | BU7: =VLOOKUP(AO7,'PGD09'!C:E,1,0) -> Bloco válv. 3 vias coletor de amostra Entrada vapor | BV7: =VLOOKUP(AO7,'PGD09'!C:E,3,0) -> DN-15 | BW7: =VLOOKUP(AO7,'PGD09'!C:G,5,0) -> ZDL | BX7: =VLOOKUP(AN7,'PGD10'!A:E,1,0) -> Inferior | BY7: =VLOOKUP(AO7,'PGD10'!C:E,1,0) -> Bloco válv. 3 vias coletor de amostra Entrada vapor | BZ7: =VLOOKUP(AO7,'PGD10'!C:E,3,0) -> DN-15 | CA7: =VLOOKUP(AO7,'PGD10'!C:G,5,0) -> ZDL | CB7: =VLOOKUP(AN7,'PGD11'!A:E,1,0) -> Inferior | CC7: =VLOOKUP(AO7,'PGD11'!C:E,1,0) -> Bloco válv. 3 vias coletor de amostra Entrada vapor | CD7: =VLOOKUP(AO7,'PGD11'!C:E,3,0) -> DN-15 | CE7: =VLOOKUP(AO7,'PGD11'!C:G,5,0) -> ZDL | CF7: =VLOOKUP(AN7,'PGD12'!A:E,1,0) -> Inferior | CG7: =VLOOKUP(AO7,'PGD12'!C:E,1,0) -> Bloco válv. 3 vias coletor de amostra Entrada vapor | CH7: =VLOOKUP(AO7,'PGD12'!C:E,3,0) -> DN-15 | CI7: =VLOOKUP(AO7,'PGD12'!C:G,5,0) -> ZDL | CJ7: =COUNTIF(AS7:CH7,CH7) -> 11 | CL7: Bloco 2 vias fundo - fundo | CM7: DN-40 | CN7: GEMÜ | CO7: =VLOOKUP(CL7,'BLD03'!C:E,1,0) -> Bloco 2 vias fundo - fundo | CP7: =VLOOKUP(CL7,'BLD03'!C:E,3,0) -> DN-40 | CQ7: =VLOOKUP(CL7,'BLD02'!C:G,5,0) -> GEMÜ | CR7: =COUNTIF(CL7:CP7,CP7) -> 2
B8: Bloco válv. 3 vias coletor de amostra Entrada tanque | C8: DN-15 | D8: ZDL | E8: =VLOOKUP(B8,'FTD02'!C:E,1,0) -> Bloco válv. 3 vias coletor de amostra Entrada tanque | F8: =VLOOKUP(B8,'FTD02'!C:E,3,0) -> DN-15 | G8: =VLOOKUP(B8,'FTD02'!C:G,5,0) -> ZDL | H8: =VLOOKUP(B8,'FTD03'!C:E,1,0) -> Bloco válv. 3 vias coletor de amostra Entrada tanque | I8: =VLOOKUP(B8,'FTD03'!C:E,3,0) -> DN-15 | J8: =VLOOKUP(B8,'FTD03'!C:G,5,0) -> ZDL | K8: =VLOOKUP(B8,'FTD04'!C:E,1,0) -> Bloco válv. 3 vias coletor de amostra Entrada tanque | L8: =VLOOKUP(B8,'FTD04'!C:E,3,0) -> DN-15 | M8: =VLOOKUP(B8,'FTD04'!C:G,5,0) -> ZDL | N8: =VLOOKUP(B8,'FTD05'!C:E,1,0) -> Bloco válv. 3 vias coletor de amostra Entrada tanque | O8: =VLOOKUP(B8,'FTD05'!C:E,3,0) -> DN-15 | P8: =VLOOKUP(B8,'FTD05'!C:G,5,0) -> ZDL | Q8: =VLOOKUP(B8,'FTD06'!C:E,1,0) -> Bloco válv. 3 vias coletor de amostra Entrada tanque | R8: =VLOOKUP(B8,'FTD06'!C:E,3,0) -> DN-15 | S8: =VLOOKUP(B8,'FTD06'!C:G,5,0) -> ZDL | T8: =VLOOKUP(B8,'FTD07'!C:E,1,0) -> Bloco válv. 3 vias coletor de amostra Entrada tanque | U8: =VLOOKUP(B8,'FTD07'!C:E,3,0) -> DN-15 | V8: =VLOOKUP(B8,'FTD07'!C:G,5,0) -> ZDL | W8: =VLOOKUP(B8,'FTD08'!C:E,1,0) -> Bloco válv. 3 vias coletor de amostra Entrada tanque | X8: =VLOOKUP(B8,'FTD08'!C:E,3,0) -> DN-15 | Y8: =VLOOKUP(B8,'FTD08'!C:G,5,0) -> ZDL | Z8: =VLOOKUP(B8,'FTD09'!C:E,1,0) -> Bloco válv. 3 vias coletor de amostra Entrada tanque | AA8: =VLOOKUP(B8,'FTD09'!C:E,3,0) -> DN-15 | AB8: =VLOOKUP(B8,'FTD09'!C:G,5,0) -> ZDL | AC8: =VLOOKUP(B8,'FTD10'!C:E,1,0) -> Bloco válv. 3 vias coletor de amostra Entrada tanque | AD8: =VLOOKUP(B8,'FTD10'!C:E,3,0) -> DN-15 | AE8: =VLOOKUP(B8,'FTD10'!C:G,5,0) -> ZDL | AF8: =VLOOKUP(B8,'FTD11'!C:E,1,0) -> Bloco válv. 3 vias coletor de amostra Entrada tanque | AG8: =VLOOKUP(B8,'FTD11'!C:E,3,0) -> DN-15 | AH8: =VLOOKUP(B8,'FTD11'!C:G,5,0) -> ZDL | AI8: =VLOOKUP(B8,'FTD12'!C:E,1,0) -> Bloco válv. 3 vias coletor de amostra Entrada tanque | AJ8: =VLOOKUP(B8,'FTD12'!C:E,3,0) -> DN-15 | AK8: =VLOOKUP(B8,'FTD12'!C:G,5,0) -> ZDL | AL8: =COUNTIF(E8:AJ8,AJ8) -> 11 | AN8: Inferior | AO8: CIP BV | AP8: DN-40 | AQ8: BV - 09.25-2 | AR8: =VLOOKUP(AN8,'PGD02'!A:E,1,0) -> Inferior | AS8: =VLOOKUP(AO8,'PGD02'!C:E,1,0) -> CIP BV | AT8: =VLOOKUP(AO8,'PGD02'!C:E,3,0) -> DN-40 | AU8: =VLOOKUP(AO8,'PGD02'!C:G,5,0) -> GEMÜ | AV8: =VLOOKUP(AN8,'PGD03'!A:E,1,0) -> Inferior | AW8: =VLOOKUP(AO8,'PGD03'!C:E,1,0) -> CIP BV | AX8: =VLOOKUP(AO8,'PGD03'!C:E,3,0) -> DN-40 | AY8: =VLOOKUP(AO8,'PGD03'!C:G,5,0) -> GEMÜ | AZ8: =VLOOKUP(AN8,'PGD04'!A:E,1,0) -> Inferior | BA8: =VLOOKUP(AO8,'PGD03'!C:E,1,0) -> CIP BV | BB8: =VLOOKUP(AO8,'PGD04'!C:E,3,0) -> DN-40 | BC8: =VLOOKUP(AO8,'PGD04'!C:G,5,0) -> GEMÜ | BD8: =VLOOKUP(AN8,'PGD05'!A:E,1,0) -> Inferior | BE8: =VLOOKUP(AO8,'PGD05'!C:E,1,0) -> CIP BV | BF8: =VLOOKUP(AO8,'PGD05'!C:E,3,0) -> DN-40 | BG8: =VLOOKUP(AO8,'PGD05'!C:G,5,0) -> GEMÜ | BH8: =VLOOKUP(AN8,'PGD06'!A:E,1,0) -> Inferior | BI8: =VLOOKUP(AO8,'PGD06'!C:E,1,0) -> CIP BV | BJ8: =VLOOKUP(AO8,'PGD06'!C:E,3,0) -> DN-40 | BK8: =VLOOKUP(AO8,'PGD06'!C:G,5,0) -> GEMÜ | BL8: =VLOOKUP(AN8,'PGD07'!A:E,1,0) -> Inferior | BM8: =VLOOKUP(AO8,'PGD07'!C:E,1,0) -> CIP BV | BN8: =VLOOKUP(AO8,'PGD07'!C:E,3,0) -> DN-40 | BO8: =VLOOKUP(AO8,'PGD07'!C:G,5,0) -> GEMÜ | BP8: =VLOOKUP(AN8,'PGD08'!A:E,1,0) -> Inferior | BQ8: =VLOOKUP(AO8,'PGD08'!C:E,1,0) -> CIP BV | BR8: =VLOOKUP(AO8,'PGD08'!C:E,3,0) -> DN-40 | BS8: =VLOOKUP(AO8,'PGD08'!C:G,5,0) -> GEMÜ | BT8: =VLOOKUP(AN8,'PGD09'!A:E,1,0) -> Inferior | BU8: =VLOOKUP(AO8,'PGD09'!C:E,1,0) -> CIP BV | BV8: =VLOOKUP(AO8,'PGD09'!C:E,3,0) -> DN-40 | BW8: =VLOOKUP(AO8,'PGD09'!C:G,5,0) -> GEMÜ | BX8: =VLOOKUP(AN8,'PGD10'!A:E,1,0) -> Inferior | BY8: =VLOOKUP(AO8,'PGD10'!C:E,1,0) -> CIP BV | BZ8: =VLOOKUP(AO8,'PGD10'!C:E,3,0) -> DN-40 | CA8: =VLOOKUP(AO8,'PGD10'!C:G,5,0) -> GEMÜ | CB8: =VLOOKUP(AN8,'PGD11'!A:E,1,0) -> Inferior | CC8: =VLOOKUP(AO8,'PGD11'!C:E,1,0) -> CIP BV | CD8: =VLOOKUP(AO8,'PGD11'!C:E,3,0) -> DN-40 | CE8: =VLOOKUP(AO8,'PGD11'!C:G,5,0) -> GEMÜ | CF8: =VLOOKUP(AN8,'PGD12'!A:E,1,0) -> Inferior | CG8: =VLOOKUP(AO8,'PGD12'!C:E,1,0) -> CIP BV | CH8: =VLOOKUP(AO8,'PGD12'!C:E,3,0) -> DN-40 | CI8: =VLOOKUP(AO8,'PGD12'!C:G,5,0) -> GEMÜ | CJ8: =COUNTIF(AS8:CH8,CH8) -> 11 | CL8: Transferência BV | CM8: DN-40 | CN8: GEMÜ | CO8: =VLOOKUP(CL8,'BLD03'!C:E,1,0) -> Transferência BV | CP8: =VLOOKUP(CL8,'BLD03'!C:E,3,0) -> DN-40 | CQ8: =VLOOKUP(CL8,'BLD02'!C:G,5,0) -> GEMÜ | CR8: =COUNTIF(CL8:CP8,CP8) -> 2
B9: Bloco válv. 3 vias coletor de amostra Entrada vapor | C9: DN-15 | D9: ZDL | E9: =VLOOKUP(B9,'FTD02'!C:E,1,0) -> Bloco válv. 3 vias coletor de amostra Entrada vapor | F9: =VLOOKUP(B9,'FTD02'!C:E,3,0) -> DN-15 | G9: =VLOOKUP(B9,'FTD02'!C:G,5,0) -> ZDL | H9: =VLOOKUP(B9,'FTD03'!C:E,1,0) -> Bloco válv. 3 vias coletor de amostra Entrada vapor | I9: =VLOOKUP(B9,'FTD03'!C:E,3,0) -> DN-15 | J9: =VLOOKUP(B9,'FTD03'!C:G,5,0) -> ZDL | K9: =VLOOKUP(B9,'FTD04'!C:E,1,0) -> Bloco válv. 3 vias coletor de amostra Entrada vapor | L9: =VLOOKUP(B9,'FTD04'!C:E,3,0) -> DN-15 | M9: =VLOOKUP(B9,'FTD04'!C:G,5,0) -> ZDL | N9: =VLOOKUP(B9,'FTD05'!C:E,1,0) -> Bloco válv. 3 vias coletor de amostra Entrada vapor | O9: =VLOOKUP(B9,'FTD05'!C:E,3,0) -> DN-15 | P9: =VLOOKUP(B9,'FTD05'!C:G,5,0) -> ZDL | Q9: =VLOOKUP(B9,'FTD06'!C:E,1,0) -> Bloco válv. 3 vias coletor de amostra Entrada vapor | R9: =VLOOKUP(B9,'FTD06'!C:E,3,0) -> DN-15 | S9: =VLOOKUP(B9,'FTD06'!C:G,5,0) -> ZDL | T9: =VLOOKUP(B9,'FTD07'!C:E,1,0) -> Bloco válv. 3 vias coletor de amostra Entrada vapor | U9: =VLOOKUP(B9,'FTD07'!C:E,3,0) -> DN-15 | V9: =VLOOKUP(B9,'FTD07'!C:G,5,0) -> ZDL | W9: =VLOOKUP(B9,'FTD08'!C:E,1,0) -> Bloco válv. 3 vias coletor de amostra Entrada vapor | X9: =VLOOKUP(B9,'FTD08'!C:E,3,0) -> DN-15 | Y9: =VLOOKUP(B9,'FTD08'!C:G,5,0) -> ZDL | Z9: =VLOOKUP(B9,'FTD09'!C:E,1,0) -> Bloco válv. 3 vias coletor de amostra Entrada vapor | AA9: =VLOOKUP(B9,'FTD09'!C:E,3,0) -> DN-15 | AB9: =VLOOKUP(B9,'FTD09'!C:G,5,0) -> ZDL | AC9: =VLOOKUP(B9,'FTD10'!C:E,1,0) -> Bloco válv. 3 vias coletor de amostra Entrada vapor | AD9: =VLOOKUP(B9,'FTD10'!C:E,3,0) -> DN-15 | AE9: =VLOOKUP(B9,'FTD10'!C:G,5,0) -> ZDL | AF9: =VLOOKUP(B9,'FTD11'!C:E,1,0) -> Bloco válv. 3 vias coletor de amostra Entrada vapor | AG9: =VLOOKUP(B9,'FTD11'!C:E,3,0) -> DN-15 | AH9: =VLOOKUP(B9,'FTD11'!C:G,5,0) -> ZDL | AI9: =VLOOKUP(B9,'FTD12'!C:E,1,0) -> Bloco válv. 3 vias coletor de amostra Entrada vapor | AJ9: =VLOOKUP(B9,'FTD12'!C:E,3,0) -> DN-15 | AK9: =VLOOKUP(B9,'FTD12'!C:G,5,0) -> ZDL | AL9: =COUNTIF(E9:AJ9,AJ9) -> 11 | AN9: Inferior | AO9: Descarte BV | AP9: DN-40 | AQ9: BV - 09.25-3 | AR9: =VLOOKUP(AN9,'PGD02'!A:E,1,0) -> Inferior | AS9: =VLOOKUP(AO9,'PGD02'!C:E,1,0) -> Descarte BV | AT9: =VLOOKUP(AO9,'PGD02'!C:E,3,0) -> DN-40 | AU9: =VLOOKUP(AO9,'PGD02'!C:G,5,0) -> GEMÜ | AV9: =VLOOKUP(AN9,'PGD03'!A:E,1,0) -> Inferior | AW9: =VLOOKUP(AO9,'PGD03'!C:E,1,0) -> Descarte BV | AX9: =VLOOKUP(AO9,'PGD03'!C:E,3,0) -> DN-40 | AY9: =VLOOKUP(AO9,'PGD03'!C:G,5,0) -> GEMÜ | AZ9: =VLOOKUP(AN9,'PGD04'!A:E,1,0) -> Inferior | BA9: =VLOOKUP(AO9,'PGD03'!C:E,1,0) -> Descarte BV | BB9: =VLOOKUP(AO9,'PGD04'!C:E,3,0) -> DN-40 | BC9: =VLOOKUP(AO9,'PGD04'!C:G,5,0) -> GEMÜ | BD9: =VLOOKUP(AN9,'PGD05'!A:E,1,0) -> Inferior | BE9: =VLOOKUP(AO9,'PGD05'!C:E,1,0) -> Descarte BV | BF9: =VLOOKUP(AO9,'PGD05'!C:E,3,0) -> DN-40 | BG9: =VLOOKUP(AO9,'PGD05'!C:G,5,0) -> GEMÜ | BH9: =VLOOKUP(AN9,'PGD06'!A:E,1,0) -> Inferior | BI9: =VLOOKUP(AO9,'PGD06'!C:E,1,0) -> Descarte BV | BJ9: =VLOOKUP(AO9,'PGD06'!C:E,3,0) -> DN-40 | BK9: =VLOOKUP(AO9,'PGD06'!C:G,5,0) -> GEMÜ | BL9: =VLOOKUP(AN9,'PGD07'!A:E,1,0) -> Inferior | BM9: =VLOOKUP(AO9,'PGD07'!C:E,1,0) -> Descarte BV | BN9: =VLOOKUP(AO9,'PGD07'!C:E,3,0) -> DN-40 | BO9: =VLOOKUP(AO9,'PGD07'!C:G,5,0) -> GEMÜ | BP9: =VLOOKUP(AN9,'PGD08'!A:E,1,0) -> Inferior | BQ9: =VLOOKUP(AO9,'PGD08'!C:E,1,0) -> Descarte BV | BR9: =VLOOKUP(AO9,'PGD08'!C:E,3,0) -> DN-40 | BS9: =VLOOKUP(AO9,'PGD08'!C:G,5,0) -> GEMÜ | BT9: =VLOOKUP(AN9,'PGD09'!A:E,1,0) -> Inferior | BU9: =VLOOKUP(AO9,'PGD09'!C:E,1,0) -> Descarte BV | BV9: =VLOOKUP(AO9,'PGD09'!C:E,3,0) -> DN-40 | BW9: =VLOOKUP(AO9,'PGD09'!C:G,5,0) -> GEMÜ | BX9: =VLOOKUP(AN9,'PGD10'!A:E,1,0) -> Inferior | BY9: =VLOOKUP(AO9,'PGD10'!C:E,1,0) -> Descarte BV | BZ9: =VLOOKUP(AO9,'PGD10'!C:E,3,0) -> DN-40 | CA9: =VLOOKUP(AO9,'PGD10'!C:G,5,0) -> GEMÜ | CB9: =VLOOKUP(AN9,'PGD11'!A:E,1,0) -> Inferior | CC9: =VLOOKUP(AO9,'PGD11'!C:E,1,0) -> Descarte BV | CD9: =VLOOKUP(AO9,'PGD11'!C:E,3,0) -> DN-40 | CE9: =VLOOKUP(AO9,'PGD11'!C:G,5,0) -> GEMÜ | CF9: =VLOOKUP(AN9,'PGD12'!A:E,1,0) -> Inferior | CG9: =VLOOKUP(AO9,'PGD12'!C:E,1,0) -> Descarte BV | CH9: =VLOOKUP(AO9,'PGD12'!C:E,3,0) -> DN-40 | CI9: =VLOOKUP(AO9,'PGD12'!C:G,5,0) -> GEMÜ | CJ9: =COUNTIF(AS9:CH9,CH9) -> 11 | CL9: CIP BV | CM9: DN-40 | CN9: GEMÜ | CO9: =VLOOKUP(CL9,'BLD03'!C:E,1,0) -> CIP BV | CP9: =VLOOKUP(CL9,'BLD03'!C:E,3,0) -> DN-40 | CQ9: =VLOOKUP(CL9,'BLD02'!C:G,5,0) -> GEMÜ | CR9: =COUNTIF(CL9:CP9,CP9) -> 2
B10: CIP BV fundo | C10: DN-40 | D10: GEMÜ | E10: =VLOOKUP(B10,'FTD02'!C:E,1,0) -> CIP BV fundo | F10: =VLOOKUP(B10,'FTD02'!C:E,3,0) -> DN-40 | G10: =VLOOKUP(B10,'FTD02'!C:G,5,0) -> GEMÜ | H10: =VLOOKUP(B10,'FTD03'!C:E,1,0) -> CIP BV fundo | I10: =VLOOKUP(B10,'FTD03'!C:E,3,0) -> DN-40 | J10: =VLOOKUP(B10,'FTD03'!C:G,5,0) -> GEMÜ | K10: =VLOOKUP(B10,'FTD04'!C:E,1,0) -> CIP BV fundo | L10: =VLOOKUP(B10,'FTD04'!C:E,3,0) -> DN-40 | M10: =VLOOKUP(B10,'FTD04'!C:G,5,0) -> GEMÜ | N10: =VLOOKUP(B10,'FTD05'!C:E,1,0) -> CIP BV fundo | O10: =VLOOKUP(B10,'FTD05'!C:E,3,0) -> DN-40 | P10: =VLOOKUP(B10,'FTD05'!C:G,5,0) -> GEMÜ | Q10: =VLOOKUP(B10,'FTD06'!C:E,1,0) -> CIP BV fundo | R10: =VLOOKUP(B10,'FTD06'!C:E,3,0) -> DN-40 | S10: =VLOOKUP(B10,'FTD06'!C:G,5,0) -> GEMÜ | T10: =VLOOKUP(B10,'FTD07'!C:E,1,0) -> CIP BV fundo | U10: =VLOOKUP(B10,'FTD07'!C:E,3,0) -> DN-40 | V10: =VLOOKUP(B10,'FTD07'!C:G,5,0) -> GEMÜ | W10: =VLOOKUP(B10,'FTD08'!C:E,1,0) -> CIP BV fundo | X10: =VLOOKUP(B10,'FTD08'!C:E,3,0) -> DN-40 | Y10: =VLOOKUP(B10,'FTD08'!C:G,5,0) -> GEMÜ | Z10: =VLOOKUP(B10,'FTD09'!C:E,1,0) -> CIP BV fundo | AA10: =VLOOKUP(B10,'FTD09'!C:E,3,0) -> DN-40 | AB10: =VLOOKUP(B10,'FTD09'!C:G,5,0) -> GEMÜ | AC10: =VLOOKUP(B10,'FTD10'!C:E,1,0) -> CIP BV fundo | AD10: =VLOOKUP(B10,'FTD10'!C:E,3,0) -> DN-40 | AE10: =VLOOKUP(B10,'FTD10'!C:G,5,0) -> GEMÜ | AF10: =VLOOKUP(B10,'FTD11'!C:E,1,0) -> CIP BV fundo | AG10: =VLOOKUP(B10,'FTD11'!C:E,3,0) -> DN-40 | AH10: =VLOOKUP(B10,'FTD11'!C:G,5,0) -> GEMÜ | AI10: =VLOOKUP(B10,'FTD12'!C:E,1,0) -> CIP BV fundo | AJ10: =VLOOKUP(B10,'FTD12'!C:E,3,0) -> DN-40 | AK10: =VLOOKUP(B10,'FTD12'!C:G,5,0) -> GEMÜ | AL10: =COUNTIF(E10:AJ10,AJ10) -> 11 | AN10: Superior | AO10: Bloqueio entrada de ar pré filtro absoluto | AP10: DN-40 | AQ10: Válvula manual | AR10: =VLOOKUP(AN10,'PGD02'!A:E,1,0) -> Superior | AS10: =VLOOKUP(AO10,'PGD02'!C:E,1,0) -> Bloqueio entrada de ar pré filtro absoluto | AT10: =VLOOKUP(AO10,'PGD02'!C:E,3,0) -> DN-40 | AU10: =VLOOKUP(AO10,'PGD02'!C:G,5,0) -> GEMÜ | AV10: =VLOOKUP(AN10,'PGD03'!A:E,1,0) -> Superior | AW10: =VLOOKUP(AO10,'PGD03'!C:E,1,0) -> Bloqueio entrada de ar pré filtro absoluto | AX10: =VLOOKUP(AO10,'PGD03'!C:E,3,0) -> DN-40 | AY10: =VLOOKUP(AO10,'PGD03'!C:G,5,0) -> GEMÜ | AZ10: =VLOOKUP(AN10,'PGD04'!A:E,1,0) -> Superior | BA10: =VLOOKUP(AO10,'PGD03'!C:E,1,0) -> Bloqueio entrada de ar pré filtro absoluto | BB10: =VLOOKUP(AO10,'PGD04'!C:E,3,0) -> DN-40 | BC10: =VLOOKUP(AO10,'PGD04'!C:G,5,0) -> GEMÜ | BD10: =VLOOKUP(AN10,'PGD05'!A:E,1,0) -> Superior | BE10: =VLOOKUP(AO10,'PGD05'!C:E,1,0) -> Bloqueio entrada de ar pré filtro absoluto | BF10: =VLOOKUP(AO10,'PGD05'!C:E,3,0) -> DN-40 | BG10: =VLOOKUP(AO10,'PGD05'!C:G,5,0) -> GEMÜ | BH10: =VLOOKUP(AN10,'PGD06'!A:E,1,0) -> Superior | BI10: =VLOOKUP(AO10,'PGD06'!C:E,1,0) -> Bloqueio entrada de ar pré filtro absoluto | BJ10: =VLOOKUP(AO10,'PGD06'!C:E,3,0) -> DN-40 | BK10: =VLOOKUP(AO10,'PGD06'!C:G,5,0) -> GEMÜ | BL10: =VLOOKUP(AN10,'PGD07'!A:E,1,0) -> Superior | BM10: =VLOOKUP(AO10,'PGD07'!C:E,1,0) -> Bloqueio entrada de ar pré filtro absoluto | BN10: =VLOOKUP(AO10,'PGD07'!C:E,3,0) -> DN-40 | BO10: =VLOOKUP(AO10,'PGD07'!C:G,5,0) -> GEMÜ | BP10: =VLOOKUP(AN10,'PGD08'!A:E,1,0) -> Superior | BQ10: =VLOOKUP(AO10,'PGD08'!C:E,1,0) -> Bloqueio entrada de ar pré filtro absoluto | BR10: =VLOOKUP(AO10,'PGD08'!C:E,3,0) -> DN-40 | BS10: =VLOOKUP(AO10,'PGD08'!C:G,5,0) -> GEMÜ | BT10: =VLOOKUP(AN10,'PGD09'!A:E,1,0) -> Superior | BU10: =VLOOKUP(AO10,'PGD09'!C:E,1,0) -> Bloqueio entrada de ar pré filtro absoluto | BV10: =VLOOKUP(AO10,'PGD09'!C:E,3,0) -> DN-40 | BW10: =VLOOKUP(AO10,'PGD09'!C:G,5,0) -> GEMÜ | BX10: =VLOOKUP(AN10,'PGD10'!A:E,1,0) -> Superior | BY10: =VLOOKUP(AO10,'PGD10'!C:E,1,0) -> Bloqueio entrada de ar pré filtro absoluto | BZ10: =VLOOKUP(AO10,'PGD10'!C:E,3,0) -> DN-40 | CA10: =VLOOKUP(AO10,'PGD10'!C:G,5,0) -> GEMÜ | CB10: =VLOOKUP(AN10,'PGD11'!A:E,1,0) -> Superior | CC10: =VLOOKUP(AO10,'PGD11'!C:E,1,0) -> Bloqueio entrada de ar pré filtro absoluto | CD10: =VLOOKUP(AO10,'PGD11'!C:E,3,0) -> DN-40 | CE10: =VLOOKUP(AO10,'PGD11'!C:G,5,0) -> GEMÜ | CF10: =VLOOKUP(AN10,'PGD12'!A:E,1,0) -> Superior | CG10: =VLOOKUP(AO10,'PGD12'!C:E,1,0) -> Bloqueio entrada de ar pré filtro absoluto | CH10: =VLOOKUP(AO10,'PGD12'!C:E,3,0) -> DN-40 | CI10: =VLOOKUP(AO10,'PGD12'!C:G,5,0) -> GEMÜ | CJ10: =COUNTIF(AS10:CH10,CH10) -> 11 | CL10: Descarte BV | CM10: DN-40 | CN10: GEMÜ | CO10: =VLOOKUP(CL10,'BLD03'!C:E,1,0) -> Descarte BV | CP10: =VLOOKUP(CL10,'BLD03'!C:E,3,0) -> DN-40 | CQ10: =VLOOKUP(CL10,'BLD02'!C:G,5,0) -> GEMÜ | CR10: =COUNTIF(CL10:CP10,CP10) -> 2
B11: Descarte BV fundo | C11: DN-40 | D11: GEMÜ | E11: =VLOOKUP(B11,'FTD02'!C:E,1,0) -> Descarte BV fundo | F11: =VLOOKUP(B11,'FTD02'!C:E,3,0) -> DN-40 | G11: =VLOOKUP(B11,'FTD02'!C:G,5,0) -> GEMÜ | H11: =VLOOKUP(B11,'FTD03'!C:E,1,0) -> Descarte BV fundo | I11: =VLOOKUP(B11,'FTD03'!C:E,3,0) -> DN-40 | J11: =VLOOKUP(B11,'FTD03'!C:G,5,0) -> GEMÜ | K11: =VLOOKUP(B11,'FTD04'!C:E,1,0) -> Descarte BV fundo | L11: =VLOOKUP(B11,'FTD04'!C:E,3,0) -> DN-40 | M11: =VLOOKUP(B11,'FTD04'!C:G,5,0) -> GEMÜ | N11: =VLOOKUP(B11,'FTD05'!C:E,1,0) -> Descarte BV fundo | O11: =VLOOKUP(B11,'FTD05'!C:E,3,0) -> DN-40 | P11: =VLOOKUP(B11,'FTD05'!C:G,5,0) -> GEMÜ | Q11: =VLOOKUP(B11,'FTD06'!C:E,1,0) -> Descarte BV fundo | R11: =VLOOKUP(B11,'FTD06'!C:E,3,0) -> DN-40 | S11: =VLOOKUP(B11,'FTD06'!C:G,5,0) -> GEMÜ | T11: =VLOOKUP(B11,'FTD07'!C:E,1,0) -> Descarte BV fundo | U11: =VLOOKUP(B11,'FTD07'!C:E,3,0) -> DN-40 | V11: =VLOOKUP(B11,'FTD07'!C:G,5,0) -> GEMÜ | W11: =VLOOKUP(B11,'FTD08'!C:E,1,0) -> Descarte BV fundo | X11: =VLOOKUP(B11,'FTD08'!C:E,3,0) -> DN-40 | Y11: =VLOOKUP(B11,'FTD08'!C:G,5,0) -> GEMÜ | Z11: =VLOOKUP(B11,'FTD09'!C:E,1,0) -> Descarte BV fundo | AA11: =VLOOKUP(B11,'FTD09'!C:E,3,0) -> DN-40 | AB11: =VLOOKUP(B11,'FTD09'!C:G,5,0) -> GEMÜ | AC11: =VLOOKUP(B11,'FTD10'!C:E,1,0) -> Descarte BV fundo | AD11: =VLOOKUP(B11,'FTD10'!C:E,3,0) -> DN-40 | AE11: =VLOOKUP(B11,'FTD10'!C:G,5,0) -> GEMÜ | AF11: =VLOOKUP(B11,'FTD11'!C:E,1,0) -> Descarte BV fundo | AG11: =VLOOKUP(B11,'FTD11'!C:E,3,0) -> DN-40 | AH11: =VLOOKUP(B11,'FTD11'!C:G,5,0) -> GEMÜ | AI11: =VLOOKUP(B11,'FTD12'!C:E,1,0) -> Descarte BV fundo | AJ11: =VLOOKUP(B11,'FTD12'!C:E,3,0) -> DN-40 | AK11: =VLOOKUP(B11,'FTD12'!C:G,5,0) -> GEMÜ | AL11: =COUNTIF(E11:AJ11,AJ11) -> 11 | AN11: Inferior | AO11: Válvula injetora de vapor | AP11: DN-40 | AQ11: XV-09.22 | AR11: =VLOOKUP(AN11,'PGD02'!A:E,1,0) -> Inferior | AS11: =VLOOKUP(AO11,'PGD02'!C:E,1,0) -> Válvula injetora de vapor | AT11: =VLOOKUP(AO11,'PGD02'!C:E,3,0) -> DN-40 | AU11: =VLOOKUP(AO11,'PGD02'!C:G,5,0) -> GEMÜ | AV11: =VLOOKUP(AN11,'PGD03'!A:E,1,0) -> Inferior | AW11: =VLOOKUP(AO11,'PGD03'!C:E,1,0) -> Válvula injetora de vapor | AX11: =VLOOKUP(AO11,'PGD03'!C:E,3,0) -> DN-40 | AY11: =VLOOKUP(AO11,'PGD03'!C:G,5,0) -> GEMÜ | AZ11: =VLOOKUP(AN11,'PGD04'!A:E,1,0) -> Inferior | BA11: =VLOOKUP(AO11,'PGD03'!C:E,1,0) -> Válvula injetora de vapor | BB11: =VLOOKUP(AO11,'PGD04'!C:E,3,0) -> DN-40 | BC11: =VLOOKUP(AO11,'PGD04'!C:G,5,0) -> GEMÜ | BD11: =VLOOKUP(AN11,'PGD05'!A:E,1,0) -> Inferior | BE11: =VLOOKUP(AO11,'PGD05'!C:E,1,0) -> Válvula injetora de vapor | BF11: =VLOOKUP(AO11,'PGD05'!C:E,3,0) -> DN-40 | BG11: =VLOOKUP(AO11,'PGD05'!C:G,5,0) -> GEMÜ | BH11: =VLOOKUP(AN11,'PGD06'!A:E,1,0) -> Inferior | BI11: =VLOOKUP(AO11,'PGD06'!C:E,1,0) -> Válvula injetora de vapor | BJ11: =VLOOKUP(AO11,'PGD06'!C:E,3,0) -> DN-40 | BK11: =VLOOKUP(AO11,'PGD06'!C:G,5,0) -> GEMÜ | BL11: =VLOOKUP(AN11,'PGD07'!A:E,1,0) -> Inferior | BM11: =VLOOKUP(AO11,'PGD07'!C:E,1,0) -> Válvula injetora de vapor | BN11: =VLOOKUP(AO11,'PGD07'!C:E,3,0) -> DN-40 | BO11: =VLOOKUP(AO11,'PGD07'!C:G,5,0) -> GEMÜ | BP11: =VLOOKUP(AN11,'PGD08'!A:E,1,0) -> Inferior | BQ11: =VLOOKUP(AO11,'PGD08'!C:E,1,0) -> Válvula injetora de vapor | BR11: =VLOOKUP(AO11,'PGD08'!C:E,3,0) -> DN-40 | BS11: =VLOOKUP(AO11,'PGD08'!C:G,5,0) -> GEMÜ | BT11: =VLOOKUP(AN11,'PGD09'!A:E,1,0) -> Inferior | BU11: =VLOOKUP(AO11,'PGD09'!C:E,1,0) -> Válvula injetora de vapor | BV11: =VLOOKUP(AO11,'PGD09'!C:E,3,0) -> DN-40 | BW11: =VLOOKUP(AO11,'PGD09'!C:G,5,0) -> GEMÜ | BX11: =VLOOKUP(AN11,'PGD10'!A:E,1,0) -> Inferior | BY11: =VLOOKUP(AO11,'PGD10'!C:E,1,0) -> Válvula injetora de vapor | BZ11: =VLOOKUP(AO11,'PGD10'!C:E,3,0) -> DN-40 | CA11: =VLOOKUP(AO11,'PGD10'!C:G,5,0) -> GEMÜ | CB11: =VLOOKUP(AN11,'PGD11'!A:E,1,0) -> Inferior | CC11: =VLOOKUP(AO11,'PGD11'!C:E,1,0) -> Válvula injetora de vapor | CD11: =VLOOKUP(AO11,'PGD11'!C:E,3,0) -> DN-40 | CE11: =VLOOKUP(AO11,'PGD11'!C:G,5,0) -> GEMÜ | CF11: =VLOOKUP(AN11,'PGD12'!A:E,1,0) -> Inferior | CG11: =VLOOKUP(AO11,'PGD12'!C:E,1,0) -> Válvula injetora de vapor | CH11: =VLOOKUP(AO11,'PGD12'!C:E,3,0) -> DN-40 | CI11: =VLOOKUP(AO11,'PGD12'!C:G,5,0) -> GEMÜ | CJ11: =COUNTIF(AS11:CH11,CH11) -> 11 | CL11: Bloco 2 vias fundo - vapor | CM11: DN-8 | CN11: ZDL | CO11: =VLOOKUP(CL11,'BLD03'!C:E,1,0) -> bloco 2 vias fundo - vapor | CP11: =VLOOKUP(CL11,'BLD03'!C:E,3,0) -> DN-8 | CQ11: =VLOOKUP(CL11,'BLD02'!C:G,5,0) -> ZDL | CR11: =COUNTIF(CL11:CP11,CP11) -> 2
B12: Entrada de vapor linha de ar pós filtro absoluto | C12: DN-80 | D12: GEMÜ | E12: =VLOOKUP(B12,'FTD02'!C:E,1,0) -> Entrada de vapor linha de ar pós filtro absoluto | F12: =VLOOKUP(B12,'FTD02'!C:E,3,0) -> DN-40 | G12: =VLOOKUP(B12,'FTD02'!C:G,5,0) -> GEMÜ | H12: =VLOOKUP(B12,'FTD03'!C:E,1,0) -> Entrada de vapor linha de ar pós filtro absoluto | I12: =VLOOKUP(B12,'FTD03'!C:E,3,0) -> DN-40 | J12: =VLOOKUP(B12,'FTD03'!C:G,5,0) -> GEMÜ | K12: =VLOOKUP(B12,'FTD04'!C:E,1,0) -> Entrada de vapor linha de ar pós filtro absoluto | L12: =VLOOKUP(B12,'FTD04'!C:E,3,0) -> DN-40 | M12: =VLOOKUP(B12,'FTD04'!C:G,5,0) -> GEMÜ | N12: =VLOOKUP(B12,'FTD05'!C:E,1,0) -> Entrada de vapor linha de ar pós filtro absoluto | O12: =VLOOKUP(B12,'FTD05'!C:E,3,0) -> DN-40 | P12: =VLOOKUP(B12,'FTD05'!C:G,5,0) -> GEMÜ | Q12: =VLOOKUP(B12,'FTD06'!C:E,1,0) -> Entrada de vapor linha de ar pós filtro absoluto | R12: =VLOOKUP(B12,'FTD06'!C:E,3,0) -> DN-40 | S12: =VLOOKUP(B12,'FTD06'!C:G,5,0) -> GEMÜ | T12: =VLOOKUP(B12,'FTD07'!C:E,1,0) -> Entrada de vapor linha de ar pós filtro absoluto | U12: =VLOOKUP(B12,'FTD07'!C:E,3,0) -> DN-40 | V12: =VLOOKUP(B12,'FTD07'!C:G,5,0) -> GEMÜ | W12: =VLOOKUP(B12,'FTD08'!C:E,1,0) -> Entrada de vapor linha de ar pós filtro absoluto | X12: =VLOOKUP(B12,'FTD08'!C:E,3,0) -> DN-40 | Y12: =VLOOKUP(B12,'FTD08'!C:G,5,0) -> GEMÜ | Z12: =VLOOKUP(B12,'FTD09'!C:E,1,0) -> Entrada de vapor linha de ar pós filtro absoluto | AA12: =VLOOKUP(B12,'FTD09'!C:E,3,0) -> DN-40 | AB12: =VLOOKUP(B12,'FTD09'!C:G,5,0) -> GEMÜ | AC12: =VLOOKUP(B12,'FTD10'!C:E,1,0) -> Entrada de vapor linha de ar pós filtro absoluto | AD12: =VLOOKUP(B12,'FTD10'!C:E,3,0) -> DN-40 | AE12: =VLOOKUP(B12,'FTD10'!C:G,5,0) -> GEMÜ | AF12: =VLOOKUP(B12,'FTD11'!C:E,1,0) -> Entrada de vapor linha de ar pós filtro absoluto | AG12: =VLOOKUP(B12,'FTD11'!C:E,3,0) -> DN-40 | AH12: =VLOOKUP(B12,'FTD11'!C:G,5,0) -> GEMÜ | AI12: =VLOOKUP(B12,'FTD12'!C:E,1,0) -> Entrada de vapor linha de ar pós filtro absoluto | AJ12: =VLOOKUP(B12,'FTD12'!C:E,3,0) -> DN-40 | AK12: =VLOOKUP(B12,'FTD12'!C:G,5,0) -> GEMÜ | AL12: =COUNTIF(E12:AJ12,AJ12) -> 11 | AN12: Inferior | AO12: Linha vapor fundo esterilização | AP12: DN-8 | AQ12: BV-09.25-3 B | AR12: =VLOOKUP(AN12,'PGD02'!A:E,1,0) -> Inferior | AS12: =VLOOKUP(AO12,'PGD02'!C:E,1,0) -> Linha vapor fundo esterilização | AT12: =VLOOKUP(AO12,'PGD02'!C:E,3,0) -> DN-8 | AU12: =VLOOKUP(AO12,'PGD02'!C:G,5,0) -> GEMÜ | AV12: =VLOOKUP(AN12,'PGD03'!A:E,1,0) -> Inferior | AW12: =VLOOKUP(AO12,'PGD03'!C:E,1,0) -> Linha vapor fundo esterilização | AX12: =VLOOKUP(AO12,'PGD03'!C:E,3,0) -> DN-8 | AY12: =VLOOKUP(AO12,'PGD03'!C:G,5,0) -> ZDL | AZ12: =VLOOKUP(AN12,'PGD04'!A:E,1,0) -> Inferior | BA12: =VLOOKUP(AO12,'PGD03'!C:E,1,0) -> Linha vapor fundo esterilização | BB12: =VLOOKUP(AO12,'PGD04'!C:E,3,0) -> DN-8 | BC12: =VLOOKUP(AO12,'PGD04'!C:G,5,0) -> ZDL | BD12: =VLOOKUP(AN12,'PGD05'!A:E,1,0) -> Inferior | BE12: =VLOOKUP(AO12,'PGD05'!C:E,1,0) -> Linha vapor fundo esterilização | BF12: =VLOOKUP(AO12,'PGD05'!C:E,3,0) -> DN-8 | BG12: =VLOOKUP(AO12,'PGD05'!C:G,5,0) -> ZDL | BH12: =VLOOKUP(AN12,'PGD06'!A:E,1,0) -> Inferior | BI12: =VLOOKUP(AO12,'PGD06'!C:E,1,0) -> Linha vapor fundo esterilização | BJ12: =VLOOKUP(AO12,'PGD06'!C:E,3,0) -> DN-8 | BK12: =VLOOKUP(AO12,'PGD06'!C:G,5,0) -> ZDL | BL12: =VLOOKUP(AN12,'PGD07'!A:E,1,0) -> Inferior | BM12: =VLOOKUP(AO12,'PGD07'!C:E,1,0) -> Linha vapor fundo esterilização | BN12: =VLOOKUP(AO12,'PGD07'!C:E,3,0) -> DN-8 | BO12: =VLOOKUP(AO12,'PGD07'!C:G,5,0) -> ZDL | BP12: =VLOOKUP(AN12,'PGD08'!A:E,1,0) -> Inferior | BQ12: =VLOOKUP(AO12,'PGD08'!C:E,1,0) -> Linha vapor fundo esterilização | BR12: =VLOOKUP(AO12,'PGD08'!C:E,3,0) -> DN-8 | BS12: =VLOOKUP(AO12,'PGD08'!C:G,5,0) -> ZDL | BT12: =VLOOKUP(AN12,'PGD09'!A:E,1,0) -> Inferior | BU12: =VLOOKUP(AO12,'PGD09'!C:E,1,0) -> Linha vapor fundo esterilização | BV12: =VLOOKUP(AO12,'PGD09'!C:E,3,0) -> DN-8 | BW12: =VLOOKUP(AO12,'PGD09'!C:G,5,0) -> ZDL | BX12: =VLOOKUP(AN12,'PGD10'!A:E,1,0) -> Inferior | BY12: =VLOOKUP(AO12,'PGD10'!C:E,1,0) -> Linha vapor fundo esterilização | BZ12: =VLOOKUP(AO12,'PGD10'!C:E,3,0) -> DN-8 | CA12: =VLOOKUP(AO12,'PGD10'!C:G,5,0) -> ZDL | CB12: =VLOOKUP(AN12,'PGD11'!A:E,1,0) -> Inferior | CC12: =VLOOKUP(AO12,'PGD11'!C:E,1,0) -> Linha vapor fundo esterilização | CD12: =VLOOKUP(AO12,'PGD11'!C:E,3,0) -> DN-8 | CE12: =VLOOKUP(AO12,'PGD11'!C:G,5,0) -> ZDL | CF12: =VLOOKUP(AN12,'PGD12'!A:E,1,0) -> Inferior | CG12: =VLOOKUP(AO12,'PGD12'!C:E,1,0) -> Linha vapor fundo esterilização | CH12: =VLOOKUP(AO12,'PGD12'!C:E,3,0) -> DN-8 | CI12: =VLOOKUP(AO12,'PGD12'!C:G,5,0) -> GEMÜ | CJ12: =COUNTIF(AS12:CH12,CH12) -> 11 | CL12: Entrada de água fria | CM12: DN-50 | CN12: GEMÜ | CO12: =VLOOKUP(CL12,'BLD03'!C:E,1,0) -> Entrada de água fria | CP12: =VLOOKUP(CL12,'BLD03'!C:E,3,0) -> DN-50 | CQ12: =VLOOKUP(CL12,'BLD02'!C:G,5,0) -> GEMÜ | CR12: =COUNTIF(CL12:CP12,CP12) -> 2
B13: Válvula injetora de vapor | C13: DN-80 | D13: GEMÜ | E13: =VLOOKUP(B13,'FTD02'!C:E,1,0) -> Válvula injetora de vapor | F13: =VLOOKUP(B13,'FTD02'!C:E,3,0) -> DN-80 | G13: =VLOOKUP(B13,'FTD02'!C:G,5,0) -> GEMÜ | H13: =VLOOKUP(B13,'FTD03'!C:E,1,0) -> Válvula injetora de vapor | I13: =VLOOKUP(B13,'FTD03'!C:E,3,0) -> DN-80 | J13: =VLOOKUP(B13,'FTD03'!C:G,5,0) -> GEMÜ | K13: =VLOOKUP(B13,'FTD04'!C:E,1,0) -> Válvula injetora de vapor | L13: =VLOOKUP(B13,'FTD04'!C:E,3,0) -> DN-80 | M13: =VLOOKUP(B13,'FTD04'!C:G,5,0) -> GEMÜ | N13: =VLOOKUP(B13,'FTD05'!C:E,1,0) -> Válvula injetora de vapor | O13: =VLOOKUP(B13,'FTD05'!C:E,3,0) -> DN-80 | P13: =VLOOKUP(B13,'FTD05'!C:G,5,0) -> GEMÜ | Q13: =VLOOKUP(B13,'FTD06'!C:E,1,0) -> Válvula injetora de vapor | R13: =VLOOKUP(B13,'FTD06'!C:E,3,0) -> DN-80 | S13: =VLOOKUP(B13,'FTD06'!C:G,5,0) -> GEMÜ | T13: =VLOOKUP(B13,'FTD07'!C:E,1,0) -> Válvula injetora de vapor | U13: =VLOOKUP(B13,'FTD07'!C:E,3,0) -> DN-80 | V13: =VLOOKUP(B13,'FTD07'!C:G,5,0) -> GEMÜ | W13: =VLOOKUP(B13,'FTD08'!C:E,1,0) -> Válvula injetora de vapor | X13: =VLOOKUP(B13,'FTD08'!C:E,3,0) -> DN-80 | Y13: =VLOOKUP(B13,'FTD08'!C:G,5,0) -> GEMÜ | Z13: =VLOOKUP(B13,'FTD09'!C:E,1,0) -> Válvula injetora de vapor | AA13: =VLOOKUP(B13,'FTD09'!C:E,3,0) -> DN-80 | AB13: =VLOOKUP(B13,'FTD09'!C:G,5,0) -> GEMÜ | AC13: =VLOOKUP(B13,'FTD10'!C:E,1,0) -> Válvula injetora de vapor | AD13: =VLOOKUP(B13,'FTD10'!C:E,3,0) -> DN-80 | AE13: =VLOOKUP(B13,'FTD10'!C:G,5,0) -> GEMÜ | AF13: =VLOOKUP(B13,'FTD11'!C:E,1,0) -> Válvula injetora de vapor | AG13: =VLOOKUP(B13,'FTD11'!C:E,3,0) -> DN-80 | AH13: =VLOOKUP(B13,'FTD11'!C:G,5,0) -> GEMÜ | AI13: =VLOOKUP(B13,'FTD12'!C:E,1,0) -> Válvula injetora de vapor | AJ13: =VLOOKUP(B13,'FTD12'!C:E,3,0) -> DN-80 | AK13: =VLOOKUP(B13,'FTD12'!C:G,5,0) -> GEMÜ | AL13: =COUNTIF(E13:AJ13,AJ13) -> 11 | AN13: Inferior | AO13: Trasnferência BV | AP13: DN-40 | AQ13: BV - 09.25-1 | AR13: =VLOOKUP(AN13,'PGD02'!A:E,1,0) -> Inferior | AS13: =VLOOKUP(AO13,'PGD02'!C:E,1,0) -> Trasnferência BV | AT13: =VLOOKUP(AO13,'PGD02'!C:E,3,0) -> DN-40 | AU13: =VLOOKUP(AO13,'PGD02'!C:G,5,0) -> GEMÜ | AV13: =VLOOKUP(AN13,'PGD03'!A:E,1,0) -> Inferior | AW13: =VLOOKUP(AO13,'PGD03'!C:E,1,0) -> Trasnferência BV | AX13: =VLOOKUP(AO13,'PGD03'!C:E,3,0) -> DN-40 | AY13: =VLOOKUP(AO13,'PGD03'!C:G,5,0) -> GEMÜ | AZ13: =VLOOKUP(AN13,'PGD04'!A:E,1,0) -> Inferior | BA13: =VLOOKUP(AO13,'PGD03'!C:E,1,0) -> Trasnferência BV | BB13: =VLOOKUP(AO13,'PGD04'!C:E,3,0) -> DN-40 | BC13: =VLOOKUP(AO13,'PGD04'!C:G,5,0) -> GEMÜ | BD13: =VLOOKUP(AN13,'PGD05'!A:E,1,0) -> Inferior | BE13: =VLOOKUP(AO13,'PGD05'!C:E,1,0) -> Trasnferência BV | BF13: =VLOOKUP(AO13,'PGD05'!C:E,3,0) -> DN-40 | BG13: =VLOOKUP(AO13,'PGD05'!C:G,5,0) -> GEMÜ | BH13: =VLOOKUP(AN13,'PGD06'!A:E,1,0) -> Inferior | BI13: =VLOOKUP(AO13,'PGD06'!C:E,1,0) -> Trasnferência BV | BJ13: =VLOOKUP(AO13,'PGD06'!C:E,3,0) -> DN-40 | BK13: =VLOOKUP(AO13,'PGD06'!C:G,5,0) -> GEMÜ | BL13: =VLOOKUP(AN13,'PGD07'!A:E,1,0) -> Inferior | BM13: =VLOOKUP(AO13,'PGD07'!C:E,1,0) -> Trasnferência BV | BN13: =VLOOKUP(AO13,'PGD07'!C:E,3,0) -> DN-40 | BO13: =VLOOKUP(AO13,'PGD07'!C:G,5,0) -> GEMÜ | BP13: =VLOOKUP(AN13,'PGD08'!A:E,1,0) -> Inferior | BQ13: =VLOOKUP(AO13,'PGD08'!C:E,1,0) -> Trasnferência BV | BR13: =VLOOKUP(AO13,'PGD08'!C:E,3,0) -> DN-40 | BS13: =VLOOKUP(AO13,'PGD08'!C:G,5,0) -> ZDL | BT13: =VLOOKUP(AN13,'PGD09'!A:E,1,0) -> Inferior | BU13: =VLOOKUP(AO13,'PGD09'!C:E,1,0) -> Trasnferência BV | BV13: =VLOOKUP(AO13,'PGD09'!C:E,3,0) -> DN-40 | BW13: =VLOOKUP(AO13,'PGD09'!C:G,5,0) -> GEMÜ | BX13: =VLOOKUP(AN13,'PGD10'!A:E,1,0) -> Inferior | BY13: =VLOOKUP(AO13,'PGD10'!C:E,1,0) -> Trasnferência BV | BZ13: =VLOOKUP(AO13,'PGD10'!C:E,3,0) -> DN-40 | CA13: =VLOOKUP(AO13,'PGD10'!C:G,5,0) -> GEMÜ | CB13: =VLOOKUP(AN13,'PGD11'!A:E,1,0) -> Inferior | CC13: =VLOOKUP(AO13,'PGD11'!C:E,1,0) -> Trasnferência BV | CD13: =VLOOKUP(AO13,'PGD11'!C:E,3,0) -> DN-40 | CE13: =VLOOKUP(AO13,'PGD11'!C:G,5,0) -> GEMÜ | CF13: =VLOOKUP(AN13,'PGD12'!A:E,1,0) -> Inferior | CG13: =VLOOKUP(AO13,'PGD12'!C:E,1,0) -> Trasnferência BV | CH13: =VLOOKUP(AO13,'PGD12'!C:E,3,0) -> DN-40 | CI13: =VLOOKUP(AO13,'PGD12'!C:G,5,0) -> GEMÜ | CJ13: =COUNTIF(AS13:CH13,CH13) -> 11 | CL13: Entrada bloco BV água quente | CM13: DN-50 | CN13: GEMÜ | CO13: =VLOOKUP(CL13,'BLD03'!C:E,1,0) -> Entrada bloco BV água quente | CP13: =VLOOKUP(CL13,'BLD03'!C:E,3,0) -> DN-50 | CQ13: =VLOOKUP(CL13,'BLD02'!C:G,5,0) -> GEMÜ | CR13: =COUNTIF(CL13:CP13,CP13) -> 2
B14: Trasnferência BV fundo | C14: DN-40 | D14: GEMÜ | E14: =VLOOKUP(B14,'FTD02'!C:E,1,0) -> Trasnferência BV fundo | F14: =VLOOKUP(B14,'FTD02'!C:E,3,0) -> DN-40 | G14: =VLOOKUP(B14,'FTD02'!C:G,5,0) -> GEMÜ | H14: =VLOOKUP(B14,'FTD03'!C:E,1,0) -> Trasnferência BV fundo | I14: =VLOOKUP(B14,'FTD03'!C:E,3,0) -> DN-40 | J14: =VLOOKUP(B14,'FTD03'!C:G,5,0) -> GEMÜ | K14: =VLOOKUP(B14,'FTD04'!C:E,1,0) -> Trasnferência BV fundo | L14: =VLOOKUP(B14,'FTD04'!C:E,3,0) -> DN-40 | M14: =VLOOKUP(B14,'FTD04'!C:G,5,0) -> GEMÜ | N14: =VLOOKUP(B14,'FTD05'!C:E,1,0) -> Trasnferência BV fundo | O14: =VLOOKUP(B14,'FTD05'!C:E,3,0) -> DN-40 | P14: =VLOOKUP(B14,'FTD05'!C:G,5,0) -> GEMÜ | Q14: =VLOOKUP(B14,'FTD06'!C:E,1,0) -> Trasnferência BV fundo | R14: =VLOOKUP(B14,'FTD06'!C:E,3,0) -> DN-40 | S14: =VLOOKUP(B14,'FTD06'!C:G,5,0) -> GEMÜ | T14: =VLOOKUP(B14,'FTD07'!C:E,1,0) -> Trasnferência BV fundo | U14: =VLOOKUP(B14,'FTD07'!C:E,3,0) -> DN-40 | V14: =VLOOKUP(B14,'FTD07'!C:G,5,0) -> GEMÜ | W14: =VLOOKUP(B14,'FTD08'!C:E,1,0) -> Trasnferência BV fundo | X14: =VLOOKUP(B14,'FTD08'!C:E,3,0) -> DN-40 | Y14: =VLOOKUP(B14,'FTD08'!C:G,5,0) -> GEMÜ | Z14: =VLOOKUP(B14,'FTD09'!C:E,1,0) -> Trasnferência BV fundo | AA14: =VLOOKUP(B14,'FTD09'!C:E,3,0) -> DN-40 | AB14: =VLOOKUP(B14,'FTD09'!C:G,5,0) -> GEMÜ | AC14: =VLOOKUP(B14,'FTD10'!C:E,1,0) -> Trasnferência BV fundo | AD14: =VLOOKUP(B14,'FTD10'!C:E,3,0) -> DN-40 | AE14: =VLOOKUP(B14,'FTD10'!C:G,5,0) -> GEMÜ | AF14: =VLOOKUP(B14,'FTD11'!C:E,1,0) -> Trasnferência BV fundo | AG14: =VLOOKUP(B14,'FTD11'!C:E,3,0) -> DN-40 | AH14: =VLOOKUP(B14,'FTD11'!C:G,5,0) -> GEMÜ | AI14: =VLOOKUP(B14,'FTD12'!C:E,1,0) -> Trasnferência BV fundo | AJ14: =VLOOKUP(B14,'FTD12'!C:E,3,0) -> DN-40 | AK14: =VLOOKUP(B14,'FTD12'!C:G,5,0) -> GEMÜ | AL14: =COUNTIF(E14:AJ14,AJ14) -> 11 | AN14: Superior | AO14: Dreno BV alimentação carbono | AP14: DN-25 | AQ14: BV - 09.07-3 | AR14: =VLOOKUP(AN14,'PGD02'!A:E,1,0) -> Superior | AS14: =VLOOKUP(AO14,'PGD02'!C:E,1,0) -> Dreno BV alimentação carbono | AT14: =VLOOKUP(AO14,'PGD02'!C:E,3,0) -> DN-25 | AU14: =VLOOKUP(AO14,'PGD02'!C:G,5,0) -> GEMÜ | AV14: =VLOOKUP(AN14,'PGD03'!A:E,1,0) -> Superior | AW14: =VLOOKUP(AO14,'PGD03'!C:E,1,0) -> Dreno BV alimentação carbono | AX14: =VLOOKUP(AO14,'PGD03'!C:E,3,0) -> DN-25 | AY14: =VLOOKUP(AO14,'PGD03'!C:G,5,0) -> GEMÜ | AZ14: =VLOOKUP(AN14,'PGD04'!A:E,1,0) -> Superior | BA14: =VLOOKUP(AO14,'PGD03'!C:E,1,0) -> Dreno BV alimentação carbono | BB14: =VLOOKUP(AO14,'PGD04'!C:E,3,0) -> DN-25 | BC14: =VLOOKUP(AO14,'PGD04'!C:G,5,0) -> GEMÜ | BD14: =VLOOKUP(AN14,'PGD05'!A:E,1,0) -> Superior | BE14: =VLOOKUP(AO14,'PGD05'!C:E,1,0) -> Dreno BV alimentação carbono | BF14: =VLOOKUP(AO14,'PGD05'!C:E,3,0) -> DN-25 | BG14: =VLOOKUP(AO14,'PGD05'!C:G,5,0) -> GEMÜ | BH14: =VLOOKUP(AN14,'PGD06'!A:E,1,0) -> Superior | BI14: =VLOOKUP(AO14,'PGD06'!C:E,1,0) -> Dreno BV alimentação carbono | BJ14: =VLOOKUP(AO14,'PGD06'!C:E,3,0) -> DN-25 | BK14: =VLOOKUP(AO14,'PGD06'!C:G,5,0) -> GEMÜ | BL14: =VLOOKUP(AN14,'PGD07'!A:E,1,0) -> Superior | BM14: =VLOOKUP(AO14,'PGD07'!C:E,1,0) -> Dreno BV alimentação carbono | BN14: =VLOOKUP(AO14,'PGD07'!C:E,3,0) -> DN-25 | BO14: =VLOOKUP(AO14,'PGD07'!C:G,5,0) -> GEMÜ | BP14: =VLOOKUP(AN14,'PGD08'!A:E,1,0) -> Superior | BQ14: =VLOOKUP(AO14,'PGD08'!C:E,1,0) -> Dreno BV alimentação carbono | BR14: =VLOOKUP(AO14,'PGD08'!C:E,3,0) -> DN-25 | BS14: =VLOOKUP(AO14,'PGD08'!C:G,5,0) -> GEMÜ | BT14: =VLOOKUP(AN14,'PGD09'!A:E,1,0) -> Superior | BU14: =VLOOKUP(AO14,'PGD09'!C:E,1,0) -> Dreno BV alimentação carbono | BV14: =VLOOKUP(AO14,'PGD09'!C:E,3,0) -> DN-25 | BW14: =VLOOKUP(AO14,'PGD09'!C:G,5,0) -> GEMÜ | BX14: =VLOOKUP(AN14,'PGD10'!A:E,1,0) -> Superior | BY14: =VLOOKUP(AO14,'PGD10'!C:E,1,0) -> Dreno BV alimentação carbono | BZ14: =VLOOKUP(AO14,'PGD10'!C:E,3,0) -> DN-25 | CA14: =VLOOKUP(AO14,'PGD10'!C:G,5,0) -> GEMÜ | CB14: =VLOOKUP(AN14,'PGD11'!A:E,1,0) -> Superior | CC14: =VLOOKUP(AO14,'PGD11'!C:E,1,0) -> Dreno BV alimentação carbono | CD14: =VLOOKUP(AO14,'PGD11'!C:E,3,0) -> DN-25 | CE14: =VLOOKUP(AO14,'PGD11'!C:G,5,0) -> GEMÜ | CF14: =VLOOKUP(AN14,'PGD12'!A:E,1,0) -> Superior | CG14: =VLOOKUP(AO14,'PGD12'!C:E,1,0) -> Dreno BV alimentação carbono | CH14: =VLOOKUP(AO14,'PGD12'!C:E,3,0) -> DN-25 | CI14: =VLOOKUP(AO14,'PGD12'!C:G,5,0) -> GEMÜ | CJ14: =COUNTIF(AS14:CH14,CH14) -> 11 | CL14: Entrada blender água quente | CM14: DN-50 | CN14: GEMÜ | CO14: =VLOOKUP(CL14,'BLD03'!C:E,1,0) -> Entrada blender água quente | CP14: =VLOOKUP(CL14,'BLD03'!C:E,3,0) -> DN-50 | CQ14: =VLOOKUP(CL14,'BLD02'!C:G,5,0) -> GEMÜ | CR14: =COUNTIF(CL14:CP14,CP14) -> 2
B15: Bloqueio pós gasout válvula proporcional | C15: DN-40 | D15: GEMÜ | E15: =VLOOKUP(B15,'FTD02'!C:E,1,0) -> Bloqueio pós gasout válvula proporcional | F15: =VLOOKUP(B15,'FTD02'!C:E,3,0) -> DN-40 | G15: =VLOOKUP(B15,'FTD02'!C:G,5,0) -> GEMÜ | H15: =VLOOKUP(B15,'FTD03'!C:E,1,0) -> Bloqueio pós gasout válvula proporcional | I15: =VLOOKUP(B15,'FTD03'!C:E,3,0) -> DN-40 | J15: =VLOOKUP(B15,'FTD03'!C:G,5,0) -> GEMÜ | K15: =VLOOKUP(B15,'FTD04'!C:E,1,0) -> Bloqueio pós gasout válvula proporcional | L15: =VLOOKUP(B15,'FTD04'!C:E,3,0) -> DN-40 | M15: =VLOOKUP(B15,'FTD04'!C:G,5,0) -> GEMÜ | N15: =VLOOKUP(B15,'FTD05'!C:E,1,0) -> Bloqueio pós gasout válvula proporcional | O15: =VLOOKUP(B15,'FTD05'!C:E,3,0) -> DN-40 | P15: =VLOOKUP(B15,'FTD05'!C:G,5,0) -> GEMÜ | Q15: =VLOOKUP(B15,'FTD06'!C:E,1,0) -> Bloqueio pós gasout válvula proporcional | R15: =VLOOKUP(B15,'FTD06'!C:E,3,0) -> DN-40 | S15: =VLOOKUP(B15,'FTD06'!C:G,5,0) -> GEMÜ | T15: =VLOOKUP(B15,'FTD07'!C:E,1,0) -> Bloqueio pós gasout válvula proporcional | U15: =VLOOKUP(B15,'FTD07'!C:E,3,0) -> DN-40 | V15: =VLOOKUP(B15,'FTD07'!C:G,5,0) -> GEMÜ | W15: =VLOOKUP(B15,'FTD08'!C:E,1,0) -> Bloqueio pós gasout válvula proporcional | X15: =VLOOKUP(B15,'FTD08'!C:E,3,0) -> DN-40 | Y15: =VLOOKUP(B15,'FTD08'!C:G,5,0) -> GEMÜ | Z15: =VLOOKUP(B15,'FTD09'!C:E,1,0) -> Bloqueio pós gasout válvula proporcional | AA15: =VLOOKUP(B15,'FTD09'!C:E,3,0) -> DN-40 | AB15: =VLOOKUP(B15,'FTD09'!C:G,5,0) -> GEMÜ | AC15: =VLOOKUP(B15,'FTD10'!C:E,1,0) -> Bloqueio pós gasout válvula proporcional | AD15: =VLOOKUP(B15,'FTD10'!C:E,3,0) -> DN-40 | AE15: =VLOOKUP(B15,'FTD10'!C:G,5,0) -> ZDL | AF15: =VLOOKUP(B15,'FTD11'!C:E,1,0) -> Bloqueio pós gasout válvula proporcional | AG15: =VLOOKUP(B15,'FTD11'!C:E,3,0) -> DN-40 | AH15: =VLOOKUP(B15,'FTD11'!C:G,5,0) -> GEMÜ | AI15: =VLOOKUP(B15,'FTD12'!C:E,1,0) -> Bloqueio pós gasout válvula proporcional | AJ15: =VLOOKUP(B15,'FTD12'!C:E,3,0) -> DN-40 | AK15: =VLOOKUP(B15,'FTD12'!C:G,5,0) -> GEMÜ | AL15: =COUNTIF(E15:AJ15,AJ15) -> 11 | AN15: Superior | AO15: Dreno BV alimentação nitrogênio | AP15: DN-25 | AQ15: BV - 09.10-3 | AR15: =VLOOKUP(AN15,'PGD02'!A:E,1,0) -> Superior | AS15: =VLOOKUP(AO15,'PGD02'!C:E,1,0) -> Dreno BV alimentação nitrogênio | AT15: =VLOOKUP(AO15,'PGD02'!C:E,3,0) -> DN-25 | AU15: =VLOOKUP(AO15,'PGD02'!C:G,5,0) -> GEMÜ | AV15: =VLOOKUP(AN15,'PGD03'!A:E,1,0) -> Superior | AW15: =VLOOKUP(AO15,'PGD03'!C:E,1,0) -> Dreno BV alimentação nitrogênio | AX15: =VLOOKUP(AO15,'PGD03'!C:E,3,0) -> DN-25 | AY15: =VLOOKUP(AO15,'PGD03'!C:G,5,0) -> GEMÜ | AZ15: =VLOOKUP(AN15,'PGD04'!A:E,1,0) -> Superior | BA15: =VLOOKUP(AO15,'PGD03'!C:E,1,0) -> Dreno BV alimentação nitrogênio | BB15: =VLOOKUP(AO15,'PGD04'!C:E,3,0) -> DN-25 | BC15: =VLOOKUP(AO15,'PGD04'!C:G,5,0) -> GEMÜ | BD15: =VLOOKUP(AN15,'PGD05'!A:E,1,0) -> Superior | BE15: =VLOOKUP(AO15,'PGD05'!C:E,1,0) -> Dreno BV alimentação nitrogênio | BF15: =VLOOKUP(AO15,'PGD05'!C:E,3,0) -> DN-25 | BG15: =VLOOKUP(AO15,'PGD05'!C:G,5,0) -> GEMÜ | BH15: =VLOOKUP(AN15,'PGD06'!A:E,1,0) -> Superior | BI15: =VLOOKUP(AO15,'PGD06'!C:E,1,0) -> Dreno BV alimentação nitrogênio | BJ15: =VLOOKUP(AO15,'PGD06'!C:E,3,0) -> DN-25 | BK15: =VLOOKUP(AO15,'PGD06'!C:G,5,0) -> GEMÜ | BL15: =VLOOKUP(AN15,'PGD07'!A:E,1,0) -> Superior | BM15: =VLOOKUP(AO15,'PGD07'!C:E,1,0) -> Dreno BV alimentação nitrogênio | BN15: =VLOOKUP(AO15,'PGD07'!C:E,3,0) -> DN-25 | BO15: =VLOOKUP(AO15,'PGD07'!C:G,5,0) -> GEMÜ | BP15: =VLOOKUP(AN15,'PGD08'!A:E,1,0) -> Superior | BQ15: =VLOOKUP(AO15,'PGD08'!C:E,1,0) -> Dreno BV alimentação nitrogênio | BR15: =VLOOKUP(AO15,'PGD08'!C:E,3,0) -> DN-25 | BS15: =VLOOKUP(AO15,'PGD08'!C:G,5,0) -> GEMÜ | BT15: =VLOOKUP(AN15,'PGD09'!A:E,1,0) -> Superior | BU15: =VLOOKUP(AO15,'PGD09'!C:E,1,0) -> Dreno BV alimentação nitrogênio | BV15: =VLOOKUP(AO15,'PGD09'!C:E,3,0) -> DN-25 | BW15: =VLOOKUP(AO15,'PGD09'!C:G,5,0) -> GEMÜ | BX15: =VLOOKUP(AN15,'PGD10'!A:E,1,0) -> Superior | BY15: =VLOOKUP(AO15,'PGD10'!C:E,1,0) -> Dreno BV alimentação nitrogênio | BZ15: =VLOOKUP(AO15,'PGD10'!C:E,3,0) -> DN-25 | CA15: =VLOOKUP(AO15,'PGD10'!C:G,5,0) -> GEMÜ | CB15: =VLOOKUP(AN15,'PGD11'!A:E,1,0) -> Superior | CC15: =VLOOKUP(AO15,'PGD11'!C:E,1,0) -> Dreno BV alimentação nitrogênio | CD15: =VLOOKUP(AO15,'PGD11'!C:E,3,0) -> DN-25 | CE15: =VLOOKUP(AO15,'PGD11'!C:G,5,0) -> GEMÜ | CF15: =VLOOKUP(AN15,'PGD12'!A:E,1,0) -> Superior | CG15: =VLOOKUP(AO15,'PGD12'!C:E,1,0) -> Dreno BV alimentação nitrogênio | CH15: =VLOOKUP(AO15,'PGD12'!C:E,3,0) -> DN-25 | CI15: =VLOOKUP(AO15,'PGD12'!C:G,5,0) -> GEMÜ | CJ15: =COUNTIF(AS15:CH15,CH15) -> 11 | CL15: Dreno BV alimentção água quente | CM15: DN-50 | CN15: GEMÜ | CO15: =VLOOKUP(CL15,'BLD03'!C:E,1,0) -> Dreno BV alimentção água quente | CP15: =VLOOKUP(CL15,'BLD03'!C:E,3,0) -> DN-50 | CQ15: =VLOOKUP(CL15,'BLD02'!C:G,5,0) -> GEMÜ | CR15: =COUNTIF(CL15:CP15,CP15) -> 2
... B33: Entrada fermentador BV alimentação água quente | C33: DN-50 | D33: GEMÜ | E33: =VLOOKUP(B33,'FTD02'!C:E,1,0) -> Entrada fermentador BV alimentação água quente | F33: =VLOOKUP(B33,'FTD02'!C:E,3,0) -> DN-50 | G33: =VLOOKUP(B33,'FTD02'!C:G,5,0) -> GEMÜ | H33: =VLOOKUP(B33,'FTD03'!C:E,1,0) -> Entrada fermentador BV alimentação água quente | I33: =VLOOKUP(B33,'FTD03'!C:E,3,0) -> DN-50 | J33: =VLOOKUP(B33,'FTD03'!C:G,5,0) -> GEMÜ | K33: =VLOOKUP(B33,'FTD04'!C:E,1,0) -> Entrada fermentador BV alimentação água quente | L33: =VLOOKUP(B33,'FTD04'!C:E,3,0) -> DN-50 | M33: =VLOOKUP(B33,'FTD04'!C:G,5,0) -> GEMÜ | N33: =VLOOKUP(B33,'FTD05'!C:E,1,0) -> Entrada fermentador BV alimentação água quente | O33: =VLOOKUP(B33,'FTD05'!C:E,3,0) -> DN-50 | P33: =VLOOKUP(B33,'FTD05'!C:G,5,0) -> GEMÜ | Q33: =VLOOKUP(B33,'FTD06'!C:E,1,0) -> Entrada fermentador BV alimentação água quente | R33: =VLOOKUP(B33,'FTD06'!C:E,3,0) -> DN-50 | S33: =VLOOKUP(B33,'FTD06'!C:G,5,0) -> GEMÜ | T33: =VLOOKUP(B33,'FTD07'!C:E,1,0) -> Entrada fermentador BV alimentação água quente | U33: =VLOOKUP(B33,'FTD07'!C:E,3,0) -> DN-50 | V33: =VLOOKUP(B33,'FTD07'!C:G,5,0) -> GEMÜ | W33: =VLOOKUP(B33,'FTD08'!C:E,1,0) -> Entrada fermentador BV alimentação água quente | X33: =VLOOKUP(B33,'FTD08'!C:E,3,0) -> DN-50 | Y33: =VLOOKUP(B33,'FTD08'!C:G,5,0) -> GEMÜ | Z33: =VLOOKUP(B33,'FTD09'!C:E,1,0) -> Entrada fermentador BV alimentação água quente | AA33: =VLOOKUP(B33,'FTD09'!C:E,3,0) -> DN-40 | AB33: =VLOOKUP(B33,'FTD09'!C:G,5,0) -> GEMÜ | AC33: =VLOOKUP(B33,'FTD10'!C:E,1,0) -> Entrada fermentador BV alimentação água quente | AD33: =VLOOKUP(B33,'FTD10'!C:E,3,0) -> DN-50 | AE33: =VLOOKUP(B33,'FTD10'!C:G,5,0) -> GEMÜ | AF33: =VLOOKUP(B33,'FTD11'!C:E,1,0) -> Entrada fermentador BV alimentação água quente | AG33: =VLOOKUP(B33,'FTD11'!C:E,3,0) -> DN-50 | AH33: =VLOOKUP(B33,'FTD11'!C:G,5,0) -> GEMÜ | AI33: =VLOOKUP(B33,'FTD12'!C:E,1,0) -> Entrada fermentador BV alimentação água quente | AJ33: =VLOOKUP(B33,'FTD12'!C:E,3,0) -> DN-50 | AK33: =VLOOKUP(B33,'FTD12'!C:G,5,0) -> GEMÜ | AL33: =COUNTIF(E33:AJ33,AJ33) -> 10 | AN33: Superior | AO33: Válvula de bloqueio de vapor da linha de ar pré filtro absoluto | AP33: DN-8 | AQ33: Válvula manual | AR33: =VLOOKUP(AN33,'PGD02'!A:E,1,0) -> Superior | AS33: =VLOOKUP(AO33,'PGD02'!C:E,1,0) -> Válvula de bloqueio de vapor da linha de ar pré filtro absoluto | AT33: =VLOOKUP(AO33,'PGD02'!C:E,3,0) -> DN-8 | AU33: =VLOOKUP(AO33,'PGD02'!C:G,5,0) -> ZDL | AV33: =VLOOKUP(AN33,'PGD03'!A:E,1,0) -> Superior | AW33: =VLOOKUP(AO33,'PGD03'!C:E,1,0) -> Válvula de bloqueio de vapor da linha de ar pré filtro absoluto | AX33: =VLOOKUP(AO33,'PGD03'!C:E,3,0) -> DN-8 | AY33: =VLOOKUP(AO33,'PGD03'!C:G,5,0) -> ZDL | AZ33: =VLOOKUP(AN33,'PGD04'!A:E,1,0) -> Superior | BA33: =VLOOKUP(AO33,'PGD03'!C:E,1,0) -> Válvula de bloqueio de vapor da linha de ar pré filtro absoluto | BB33: =VLOOKUP(AO33,'PGD04'!C:E,3,0) -> DN-8 | BC33: =VLOOKUP(AO33,'PGD04'!C:G,5,0) -> ZDL | BD33: =VLOOKUP(AN33,'PGD05'!A:E,1,0) -> Superior | BE33: =VLOOKUP(AO33,'PGD05'!C:E,1,0) -> Válvula de bloqueio de vapor da linha de ar pré filtro absoluto | BF33: =VLOOKUP(AO33,'PGD05'!C:E,3,0) -> DN-8 | BG33: =VLOOKUP(AO33,'PGD05'!C:G,5,0) -> ZDL | BH33: =VLOOKUP(AN33,'PGD06'!A:E,1,0) -> Superior | BI33: =VLOOKUP(AO33,'PGD06'!C:E,1,0) -> Válvula de bloqueio de vapor da linha de ar pré filtro absoluto | BJ33: =VLOOKUP(AO33,'PGD06'!C:E,3,0) -> DN-8 | BK33: =VLOOKUP(AO33,'PGD06'!C:G,5,0) -> ZDL | BL33: =VLOOKUP(AN33,'PGD07'!A:E,1,0) -> Superior | BM33: =VLOOKUP(AO33,'PGD07'!C:E,1,0) -> Válvula de bloqueio de vapor da linha de ar pré filtro absoluto | BN33: =VLOOKUP(AO33,'PGD07'!C:E,3,0) -> DN-8 | BO33: =VLOOKUP(AO33,'PGD07'!C:G,5,0) -> ZDL | BP33: =VLOOKUP(AN33,'PGD08'!A:E,1,0) -> Superior | BQ33: =VLOOKUP(AO33,'PGD08'!C:E,1,0) -> Válvula de bloqueio de vapor da linha de ar pré filtro absoluto | BR33: =VLOOKUP(AO33,'PGD08'!C:E,3,0) -> DN-8 | BS33: =VLOOKUP(AO33,'PGD08'!C:G,5,0) -> ZDL | BT33: =VLOOKUP(AN33,'PGD09'!A:E,1,0) -> Superior | BU33: =VLOOKUP(AO33,'PGD09'!C:E,1,0) -> Válvula de bloqueio de vapor da linha de ar pré filtro absoluto | BV33: =VLOOKUP(AO33,'PGD09'!C:E,3,0) -> DN-8 | BW33: =VLOOKUP(AO33,'PGD09'!C:G,5,0) -> ZDL | BX33: =VLOOKUP(AN33,'PGD10'!A:E,1,0) -> Superior | BY33: =VLOOKUP(AO33,'PGD10'!C:E,1,0) -> Válvula de bloqueio de vapor da linha de ar pré filtro absoluto | BZ33: =VLOOKUP(AO33,'PGD10'!C:E,3,0) -> DN-8 | CA33: =VLOOKUP(AO33,'PGD10'!C:G,5,0) -> ZDL | CB33: =VLOOKUP(AN33,'PGD11'!A:E,1,0) -> Superior | CC33: =VLOOKUP(AO33,'PGD11'!C:E,1,0) -> Válvula de bloqueio de vapor da linha de ar pré filtro absoluto | CD33: =VLOOKUP(AO33,'PGD11'!C:E,3,0) -> DN-8 | CE33: =VLOOKUP(AO33,'PGD11'!C:G,5,0) -> ZDL | CF33: =VLOOKUP(AN33,'PGD12'!A:E,1,0) -> Superior | CG33: =VLOOKUP(AO33,'PGD12'!C:E,1,0) -> Válvula de bloqueio de vapor da linha de ar pré filtro absoluto | CH33: =VLOOKUP(AO33,'PGD12'!C:E,3,0) -> DN-8 | CI33: =VLOOKUP(AO33,'PGD12'!C:G,5,0) -> ZDL | CJ33: =COUNTIF(AS33:CH33,CH33) -> 11 | CL33: Entrada de vapor na linha de produto | CM33: DN-25 | CN33: GEMÜ | CO33: =VLOOKUP(CL33,'BLD03'!C:E,1,0) -> Entrada de vapor na linha de produto | CP33: =VLOOKUP(CL33,'BLD03'!C:E,3,0) -> DN-25 | CQ33: =VLOOKUP(CL33,'BLD02'!C:G,5,0) -> GEMÜ | CR33: =COUNTIF(CL33:CP33,CP33) -> 2
B34: Entrada fermentador BV alimentação carbono | C34: DN-40 | D34: GEMÜ | E34: =VLOOKUP(B34,'FTD02'!C:E,1,0) -> Entrada fermentador BV alimentação carbono | F34: =VLOOKUP(B34,'FTD02'!C:E,3,0) -> DN-40 | G34: =VLOOKUP(B34,'FTD02'!C:G,5,0) -> GEMÜ | H34: =VLOOKUP(B34,'FTD03'!C:E,1,0) -> Entrada fermentador BV alimentação carbono | I34: =VLOOKUP(B34,'FTD03'!C:E,3,0) -> DN-40 | J34: =VLOOKUP(B34,'FTD03'!C:G,5,0) -> GEMÜ | K34: =VLOOKUP(B34,'FTD04'!C:E,1,0) -> Entrada fermentador BV alimentação carbono | L34: =VLOOKUP(B34,'FTD04'!C:E,3,0) -> DN-40 | M34: =VLOOKUP(B34,'FTD04'!C:G,5,0) -> GEMÜ | N34: =VLOOKUP(B34,'FTD05'!C:E,1,0) -> Entrada fermentador BV alimentação carbono | O34: =VLOOKUP(B34,'FTD05'!C:E,3,0) -> DN-40 | P34: =VLOOKUP(B34,'FTD05'!C:G,5,0) -> GEMÜ | Q34: =VLOOKUP(B34,'FTD06'!C:E,1,0) -> Entrada fermentador BV alimentação carbono | R34: =VLOOKUP(B34,'FTD06'!C:E,3,0) -> DN-40 | S34: =VLOOKUP(B34,'FTD06'!C:G,5,0) -> GEMÜ | T34: =VLOOKUP(B34,'FTD07'!C:E,1,0) -> Entrada fermentador BV alimentação carbono | U34: =VLOOKUP(B34,'FTD07'!C:E,3,0) -> DN-40 | V34: =VLOOKUP(B34,'FTD07'!C:G,5,0) -> GEMÜ | W34: =VLOOKUP(B34,'FTD08'!C:E,1,0) -> Entrada fermentador BV alimentação carbono | X34: =VLOOKUP(B34,'FTD08'!C:E,3,0) -> DN-40 | Y34: =VLOOKUP(B34,'FTD08'!C:G,5,0) -> GEMÜ | Z34: =VLOOKUP(B34,'FTD09'!C:E,1,0) -> Entrada fermentador BV alimentação carbono | AA34: =VLOOKUP(B34,'FTD09'!C:E,3,0) -> DN-40 | AB34: =VLOOKUP(B34,'FTD09'!C:G,5,0) -> GEMÜ | AC34: =VLOOKUP(B34,'FTD10'!C:E,1,0) -> Entrada fermentador BV alimentação carbono | AD34: =VLOOKUP(B34,'FTD10'!C:E,3,0) -> DN-40 | AE34: =VLOOKUP(B34,'FTD10'!C:G,5,0) -> GEMÜ | AF34: =VLOOKUP(B34,'FTD11'!C:E,1,0) -> Entrada fermentador BV alimentação carbono | AG34: =VLOOKUP(B34,'FTD11'!C:E,3,0) -> DN-40 | AH34: =VLOOKUP(B34,'FTD11'!C:G,5,0) -> GEMÜ | AI34: =VLOOKUP(B34,'FTD12'!C:E,1,0) -> Entrada fermentador BV alimentação carbono | AJ34: =VLOOKUP(B34,'FTD12'!C:E,3,0) -> DN-40 | AK34: =VLOOKUP(B34,'FTD12'!C:G,5,0) -> GEMÜ | AL34: =COUNTIF(E34:AJ34,AJ34) -> 11 | AN34: Superior | AO34: Válvula de bloqueio linha de ar pós filtro absoluto | AP34: DN-40 | AQ34: Válvula manual | AR34: =VLOOKUP(AN34,'PGD02'!A:E,1,0) -> Superior | AS34: =VLOOKUP(AO34,'PGD02'!C:E,1,0) -> Válvula de bloqueio linha de ar pós filtro absoluto | AT34: =VLOOKUP(AO34,'PGD02'!C:E,3,0) -> DN-40 | AU34: =VLOOKUP(AO34,'PGD02'!C:G,5,0) -> GEMÜ | AV34: =VLOOKUP(AN34,'PGD03'!A:E,1,0) -> Superior | AW34: =VLOOKUP(AO34,'PGD03'!C:E,1,0) -> Válvula de bloqueio linha de ar pós filtro absoluto | AX34: =VLOOKUP(AO34,'PGD03'!C:E,3,0) -> DN-40 | AY34: =VLOOKUP(AO34,'PGD03'!C:G,5,0) -> GEMÜ | AZ34: =VLOOKUP(AN34,'PGD04'!A:E,1,0) -> Superior | BA34: =VLOOKUP(AO34,'PGD03'!C:E,1,0) -> Válvula de bloqueio linha de ar pós filtro absoluto | BB34: =VLOOKUP(AO34,'PGD04'!C:E,3,0) -> DN-40 | BC34: =VLOOKUP(AO34,'PGD04'!C:G,5,0) -> GEMÜ | BD34: =VLOOKUP(AN34,'PGD05'!A:E,1,0) -> Superior | BE34: =VLOOKUP(AO34,'PGD05'!C:E,1,0) -> Válvula de bloqueio linha de ar pós filtro absoluto | BF34: =VLOOKUP(AO34,'PGD05'!C:E,3,0) -> DN-40 | BG34: =VLOOKUP(AO34,'PGD05'!C:G,5,0) -> GEMÜ | BH34: =VLOOKUP(AN34,'PGD06'!A:E,1,0) -> Superior | BI34: =VLOOKUP(AO34,'PGD06'!C:E,1,0) -> Válvula de bloqueio linha de ar pós filtro absoluto | BJ34: =VLOOKUP(AO34,'PGD06'!C:E,3,0) -> DN-40 | BK34: =VLOOKUP(AO34,'PGD06'!C:G,5,0) -> GEMÜ | BL34: =VLOOKUP(AN34,'PGD07'!A:E,1,0) -> Superior | BM34: =VLOOKUP(AO34,'PGD07'!C:E,1,0) -> Válvula de bloqueio linha de ar pós filtro absoluto | BN34: =VLOOKUP(AO34,'PGD07'!C:E,3,0) -> DN-40 | BO34: =VLOOKUP(AO34,'PGD07'!C:G,5,0) -> GEMÜ | BP34: =VLOOKUP(AN34,'PGD08'!A:E,1,0) -> Superior | BQ34: =VLOOKUP(AO34,'PGD08'!C:E,1,0) -> Válvula de bloqueio linha de ar pós filtro absoluto | BR34: =VLOOKUP(AO34,'PGD08'!C:E,3,0) -> DN-40 | BS34: =VLOOKUP(AO34,'PGD08'!C:G,5,0) -> GEMÜ | BT34: =VLOOKUP(AN34,'PGD09'!A:E,1,0) -> Superior | BU34: =VLOOKUP(AO34,'PGD09'!C:E,1,0) -> Válvula de bloqueio linha de ar pós filtro absoluto | BV34: =VLOOKUP(AO34,'PGD09'!C:E,3,0) -> DN-40 | BW34: =VLOOKUP(AO34,'PGD09'!C:G,5,0) -> GEMÜ | BX34: =VLOOKUP(AN34,'PGD10'!A:E,1,0) -> Superior | BY34: =VLOOKUP(AO34,'PGD10'!C:E,1,0) -> Válvula de bloqueio linha de ar pós filtro absoluto | BZ34: =VLOOKUP(AO34,'PGD10'!C:E,3,0) -> DN-40 | CA34: =VLOOKUP(AO34,'PGD10'!C:G,5,0) -> GEMÜ | CB34: =VLOOKUP(AN34,'PGD11'!A:E,1,0) -> Superior | CC34: =VLOOKUP(AO34,'PGD11'!C:E,1,0) -> Válvula de bloqueio linha de ar pós filtro absoluto | CD34: =VLOOKUP(AO34,'PGD11'!C:E,3,0) -> DN-40 | CE34: =VLOOKUP(AO34,'PGD11'!C:G,5,0) -> GEMÜ | CF34: =VLOOKUP(AN34,'PGD12'!A:E,1,0) -> Superior | CG34: =VLOOKUP(AO34,'PGD12'!C:E,1,0) -> Válvula de bloqueio linha de ar pós filtro absoluto | CH34: =VLOOKUP(AO34,'PGD12'!C:E,3,0) -> DN-40 | CI34: =VLOOKUP(AO34,'PGD12'!C:G,5,0) -> GEMÜ | CJ34: =COUNTIF(AS34:CH34,CH34) -> 11 | CN34: =COUNTIF(CN4:CN33,"ZDL") -> 8 | CQ34: =COUNTIF(CQ4:CQ33,"ZDL") -> 8
B35: Entrada fermentador BV alimentação CIP | C35: DN-25 | D35: GEMÜ | E35: =VLOOKUP(B35,'FTD02'!C:E,1,0) -> Entrada fermentador BV alimentação CIP | F35: =VLOOKUP(B35,'FTD02'!C:E,3,0) -> DN-25 | G35: =VLOOKUP(B35,'FTD02'!C:G,5,0) -> GEMÜ | H35: =VLOOKUP(B35,'FTD03'!C:E,1,0) -> Entrada fermentador BV alimentação CIP | I35: =VLOOKUP(B35,'FTD03'!C:E,3,0) -> DN-25 | J35: =VLOOKUP(B35,'FTD03'!C:G,5,0) -> GEMÜ | K35: =VLOOKUP(B35,'FTD04'!C:E,1,0) -> Entrada fermentador BV alimentação CIP | L35: =VLOOKUP(B35,'FTD04'!C:E,3,0) -> DN-25 | M35: =VLOOKUP(B35,'FTD04'!C:G,5,0) -> GEMÜ | N35: =VLOOKUP(B35,'FTD05'!C:E,1,0) -> Entrada fermentador BV alimentação CIP | O35: =VLOOKUP(B35,'FTD05'!C:E,3,0) -> DN-25 | P35: =VLOOKUP(B35,'FTD05'!C:G,5,0) -> GEMÜ | Q35: =VLOOKUP(B35,'FTD06'!C:E,1,0) -> Entrada fermentador BV alimentação CIP | R35: =VLOOKUP(B35,'FTD06'!C:E,3,0) -> DN-25 | S35: =VLOOKUP(B35,'FTD06'!C:G,5,0) -> GEMÜ | T35: =VLOOKUP(B35,'FTD07'!C:E,1,0) -> Entrada fermentador BV alimentação CIP | U35: =VLOOKUP(B35,'FTD07'!C:E,3,0) -> DN-25 | V35: =VLOOKUP(B35,'FTD07'!C:G,5,0) -> GEMÜ | W35: =VLOOKUP(B35,'FTD08'!C:E,1,0) -> Entrada fermentador BV alimentação CIP | X35: =VLOOKUP(B35,'FTD08'!C:E,3,0) -> DN-25 | Y35: =VLOOKUP(B35,'FTD08'!C:G,5,0) -> GEMÜ | Z35: =VLOOKUP(B35,'FTD09'!C:E,1,0) -> Entrada fermentador BV alimentação CIP | AA35: =VLOOKUP(B35,'FTD09'!C:E,3,0) -> DN-25 | AB35: =VLOOKUP(B35,'FTD09'!C:G,5,0) -> GEMÜ | AC35: =VLOOKUP(B35,'FTD10'!C:E,1,0) -> Entrada fermentador BV alimentação CIP | AD35: =VLOOKUP(B35,'FTD10'!C:E,3,0) -> DN-25 | AE35: =VLOOKUP(B35,'FTD10'!C:G,5,0) -> GEMÜ | AF35: =VLOOKUP(B35,'FTD11'!C:E,1,0) -> Entrada fermentador BV alimentação CIP | AG35: =VLOOKUP(B35,'FTD11'!C:E,3,0) -> DN-25 | AH35: =VLOOKUP(B35,'FTD11'!C:G,5,0) -> GEMÜ | AI35: =VLOOKUP(B35,'FTD12'!C:E,1,0) -> Entrada fermentador BV alimentação CIP | AJ35: =VLOOKUP(B35,'FTD12'!C:E,3,0) -> DN-25 | AK35: =VLOOKUP(B35,'FTD12'!C:G,5,0) -> GEMÜ | AL35: =COUNTIF(E35:AJ35,AJ35) -> 11 | AN35: Superior | AO35: Vapor linha alimentação nitrogênio | AP35: DN-25 | AQ35: XV-09.04 | AR35: =VLOOKUP(AN35,'PGD02'!A:E,1,0) -> Superior | AS35: =VLOOKUP(AO35,'PGD02'!C:E,1,0) -> Vapor linha alimentação nitrogênio | AT35: =VLOOKUP(AO35,'PGD02'!C:E,3,0) -> DN-25 | AU35: =VLOOKUP(AO35,'PGD02'!C:G,5,0) -> GEMÜ | AV35: =VLOOKUP(AN35,'PGD03'!A:E,1,0) -> Superior | AW35: =VLOOKUP(AO35,'PGD03'!C:E,1,0) -> Vapor linha alimentação nitrogênio | AX35: =VLOOKUP(AO35,'PGD03'!C:E,3,0) -> DN-25 | AY35: =VLOOKUP(AO35,'PGD03'!C:G,5,0) -> GEMÜ | AZ35: =VLOOKUP(AN35,'PGD04'!A:E,1,0) -> Superior | BA35: =VLOOKUP(AO35,'PGD03'!C:E,1,0) -> Vapor linha alimentação nitrogênio | BB35: =VLOOKUP(AO35,'PGD04'!C:E,3,0) -> DN-25 | BC35: =VLOOKUP(AO35,'PGD04'!C:G,5,0) -> GEMÜ | BD35: =VLOOKUP(AN35,'PGD05'!A:E,1,0) -> Superior | BE35: =VLOOKUP(AO35,'PGD05'!C:E,1,0) -> Vapor linha alimentação nitrogênio | BF35: =VLOOKUP(AO35,'PGD05'!C:E,3,0) -> DN-25 | BG35: =VLOOKUP(AO35,'PGD05'!C:G,5,0) -> GEMÜ | BH35: =VLOOKUP(AN35,'PGD06'!A:E,1,0) -> Superior | BI35: =VLOOKUP(AO35,'PGD06'!C:E,1,0) -> Vapor linha alimentação nitrogênio | BJ35: =VLOOKUP(AO35,'PGD06'!C:E,3,0) -> DN-25 | BK35: =VLOOKUP(AO35,'PGD06'!C:G,5,0) -> GEMÜ | BL35: =VLOOKUP(AN35,'PGD07'!A:E,1,0) -> Superior | BM35: =VLOOKUP(AO35,'PGD07'!C:E,1,0) -> Vapor linha alimentação nitrogênio | BN35: =VLOOKUP(AO35,'PGD07'!C:E,3,0) -> DN-25 | BO35: =VLOOKUP(AO35,'PGD07'!C:G,5,0) -> GEMÜ | BP35: =VLOOKUP(AN35,'PGD08'!A:E,1,0) -> Superior | BQ35: =VLOOKUP(AO35,'PGD08'!C:E,1,0) -> Vapor linha alimentação nitrogênio | BR35: =VLOOKUP(AO35,'PGD08'!C:E,3,0) -> DN-25 | BS35: =VLOOKUP(AO35,'PGD08'!C:G,5,0) -> GEMÜ | BT35: =VLOOKUP(AN35,'PGD09'!A:E,1,0) -> Superior | BU35: =VLOOKUP(AO35,'PGD09'!C:E,1,0) -> Vapor linha alimentação nitrogênio | BV35: =VLOOKUP(AO35,'PGD09'!C:E,3,0) -> DN-25 | BW35: =VLOOKUP(AO35,'PGD09'!C:G,5,0) -> GEMÜ | BX35: =VLOOKUP(AN35,'PGD10'!A:E,1,0) -> Superior | BY35: =VLOOKUP(AO35,'PGD10'!C:E,1,0) -> Vapor linha alimentação nitrogênio | BZ35: =VLOOKUP(AO35,'PGD10'!C:E,3,0) -> DN-25 | CA35: =VLOOKUP(AO35,'PGD10'!C:G,5,0) -> GEMÜ | CB35: =VLOOKUP(AN35,'PGD11'!A:E,1,0) -> Superior | CC35: =VLOOKUP(AO35,'PGD11'!C:E,1,0) -> Vapor linha alimentação nitrogênio | CD35: =VLOOKUP(AO35,'PGD11'!C:E,3,0) -> DN-25 | CE35: =VLOOKUP(AO35,'PGD11'!C:G,5,0) -> GEMÜ | CF35: =VLOOKUP(AN35,'PGD12'!A:E,1,0) -> Superior | CG35: =VLOOKUP(AO35,'PGD12'!C:E,1,0) -> Vapor linha alimentação nitrogênio | CH35: =VLOOKUP(AO35,'PGD12'!C:E,3,0) -> DN-25 | CI35: =VLOOKUP(AO35,'PGD12'!C:G,5,0) -> GEMÜ | CJ35: =COUNTIF(AS35:CH35,CH35) -> 11 | CN35: =COUNTIF(CN4:CN33,"GEMÜ") -> 22 | CQ35: =COUNTIF(CQ4:CQ33,"GEMÜ") -> 22
B36: Entrada fermentador BV alimentação nitrogênio | C36: DN-40 | D36: GEMÜ | E36: =VLOOKUP(B36,'FTD02'!C:E,1,0) -> Entrada fermentador BV alimentação nitrogênio | F36: =VLOOKUP(B36,'FTD02'!C:E,3,0) -> DN-40 | G36: =VLOOKUP(B36,'FTD02'!C:G,5,0) -> GEMÜ | H36: =VLOOKUP(B36,'FTD03'!C:E,1,0) -> Entrada fermentador BV alimentação nitrogênio | I36: =VLOOKUP(B36,'FTD03'!C:E,3,0) -> DN-40 | J36: =VLOOKUP(B36,'FTD03'!C:G,5,0) -> GEMÜ | K36: =VLOOKUP(B36,'FTD04'!C:E,1,0) -> Entrada fermentador BV alimentação nitrogênio | L36: =VLOOKUP(B36,'FTD04'!C:E,3,0) -> DN-40 | M36: =VLOOKUP(B36,'FTD04'!C:G,5,0) -> GEMÜ | N36: =VLOOKUP(B36,'FTD05'!C:E,1,0) -> Entrada fermentador BV alimentação nitrogênio | O36: =VLOOKUP(B36,'FTD05'!C:E,3,0) -> DN-40 | P36: =VLOOKUP(B36,'FTD05'!C:G,5,0) -> GEMÜ | Q36: =VLOOKUP(B36,'FTD06'!C:E,1,0) -> Entrada fermentador BV alimentação nitrogênio | R36: =VLOOKUP(B36,'FTD06'!C:E,3,0) -> DN-40 | S36: =VLOOKUP(B36,'FTD06'!C:G,5,0) -> GEMÜ | T36: =VLOOKUP(B36,'FTD07'!C:E,1,0) -> Entrada fermentador BV alimentação nitrogênio | U36: =VLOOKUP(B36,'FTD07'!C:E,3,0) -> DN-40 | V36: =VLOOKUP(B36,'FTD07'!C:G,5,0) -> GEMÜ | W36: =VLOOKUP(B36,'FTD08'!C:E,1,0) -> Entrada fermentador BV alimentação nitrogênio | X36: =VLOOKUP(B36,'FTD08'!C:E,3,0) -> DN-40 | Y36: =VLOOKUP(B36,'FTD08'!C:G,5,0) -> GEMÜ | Z36: =VLOOKUP(B36,'FTD09'!C:E,1,0) -> Entrada fermentador BV alimentação nitrogênio | AA36: =VLOOKUP(B36,'FTD09'!C:E,3,0) -> DN-40 | AB36: =VLOOKUP(B36,'FTD09'!C:G,5,0) -> GEMÜ | AC36: =VLOOKUP(B36,'FTD10'!C:E,1,0) -> Entrada fermentador BV alimentação nitrogênio | AD36: =VLOOKUP(B36,'FTD10'!C:E,3,0) -> DN-40 | AE36: =VLOOKUP(B36,'FTD10'!C:G,5,0) -> GEMÜ | AF36: =VLOOKUP(B36,'FTD11'!C:E,1,0) -> Entrada fermentador BV alimentação nitrogênio | AG36: =VLOOKUP(B36,'FTD11'!C:E,3,0) -> DN-40 | AH36: =VLOOKUP(B36,'FTD11'!C:G,5,0) -> GEMÜ | AI36: =VLOOKUP(B36,'FTD12'!C:E,1,0) -> Entrada fermentador BV alimentação nitrogênio | AJ36: =VLOOKUP(B36,'FTD12'!C:E,3,0) -> DN-40 | AK36: =VLOOKUP(B36,'FTD12'!C:G,5,0) -> GEMÜ | AL36: =COUNTIF(E36:AJ36,AJ36) -> 11 | AN36: Superior | AO36: Vapor linha de sais | AP36: DN-25 | AQ36: XV-09.01 | AR36: =VLOOKUP(AN36,'PGD02'!A:E,1,0) -> Superior | AS36: =VLOOKUP(AO36,'PGD02'!C:E,1,0) -> Vapor linha de sais | AT36: =VLOOKUP(AO36,'PGD02'!C:E,3,0) -> DN-25 | AU36: =VLOOKUP(AO36,'PGD02'!C:G,5,0) -> GEMÜ | AV36: =VLOOKUP(AN36,'PGD03'!A:E,1,0) -> Superior | AW36: =VLOOKUP(AO36,'PGD03'!C:E,1,0) -> Vapor linha de sais | AX36: =VLOOKUP(AO36,'PGD03'!C:E,3,0) -> DN-25 | AY36: =VLOOKUP(AO36,'PGD03'!C:G,5,0) -> GEMÜ | AZ36: =VLOOKUP(AN36,'PGD04'!A:E,1,0) -> Superior | BA36: =VLOOKUP(AO36,'PGD03'!C:E,1,0) -> Vapor linha de sais | BB36: =VLOOKUP(AO36,'PGD04'!C:E,3,0) -> DN-25 | BC36: =VLOOKUP(AO36,'PGD04'!C:G,5,0) -> GEMÜ | BD36: =VLOOKUP(AN36,'PGD05'!A:E,1,0) -> Superior | BE36: =VLOOKUP(AO36,'PGD05'!C:E,1,0) -> Vapor linha de sais | BF36: =VLOOKUP(AO36,'PGD05'!C:E,3,0) -> DN-25 | BG36: =VLOOKUP(AO36,'PGD05'!C:G,5,0) -> GEMÜ | BH36: =VLOOKUP(AN36,'PGD06'!A:E,1,0) -> Superior | BI36: =VLOOKUP(AO36,'PGD06'!C:E,1,0) -> Vapor linha de sais | BJ36: =VLOOKUP(AO36,'PGD06'!C:E,3,0) -> DN-25 | BK36: =VLOOKUP(AO36,'PGD06'!C:G,5,0) -> GEMÜ | BL36: =VLOOKUP(AN36,'PGD07'!A:E,1,0) -> Superior | BM36: =VLOOKUP(AO36,'PGD07'!C:E,1,0) -> Vapor linha de sais | BN36: =VLOOKUP(AO36,'PGD07'!C:E,3,0) -> DN-25 | BO36: =VLOOKUP(AO36,'PGD07'!C:G,5,0) -> GEMÜ | BP36: =VLOOKUP(AN36,'PGD08'!A:E,1,0) -> Superior | BQ36: =VLOOKUP(AO36,'PGD08'!C:E,1,0) -> Vapor linha de sais | BR36: =VLOOKUP(AO36,'PGD08'!C:E,3,0) -> DN-25 | BS36: =VLOOKUP(AO36,'PGD08'!C:G,5,0) -> GEMÜ | BT36: =VLOOKUP(AN36,'PGD09'!A:E,1,0) -> Superior | BU36: =VLOOKUP(AO36,'PGD09'!C:E,1,0) -> Vapor linha de sais | BV36: =VLOOKUP(AO36,'PGD09'!C:E,3,0) -> DN-25 | BW36: =VLOOKUP(AO36,'PGD09'!C:G,5,0) -> GEMÜ | BX36: =VLOOKUP(AN36,'PGD10'!A:E,1,0) -> Superior | BY36: =VLOOKUP(AO36,'PGD10'!C:E,1,0) -> Vapor linha de sais | BZ36: =VLOOKUP(AO36,'PGD10'!C:E,3,0) -> DN-25 | CA36: =VLOOKUP(AO36,'PGD10'!C:G,5,0) -> GEMÜ | CB36: =VLOOKUP(AN36,'PGD11'!A:E,1,0) -> Superior | CC36: =VLOOKUP(AO36,'PGD11'!C:E,1,0) -> Vapor linha de sais | CD36: =VLOOKUP(AO36,'PGD11'!C:E,3,0) -> DN-25 | CE36: =VLOOKUP(AO36,'PGD11'!C:G,5,0) -> GEMÜ | CF36: =VLOOKUP(AN36,'PGD12'!A:E,1,0) -> Superior | CG36: =VLOOKUP(AO36,'PGD12'!C:E,1,0) -> Vapor linha de sais | CH36: =VLOOKUP(AO36,'PGD12'!C:E,3,0) -> DN-25 | CI36: =VLOOKUP(AO36,'PGD12'!C:G,5,0) -> GEMÜ | CJ36: =COUNTIF(AS36:CH36,CH36) -> 11
B37: Entrada fermentador BV alimentação sais | C37: DN-40 | D37: GEMÜ | E37: =VLOOKUP(B37,'FTD02'!C:E,1,0) -> Entrada fermentador BV alimentação sais | F37: =VLOOKUP(B37,'FTD02'!C:E,3,0) -> DN-40 | G37: =VLOOKUP(B37,'FTD02'!C:G,5,0) -> GEMÜ | H37: =VLOOKUP(B37,'FTD03'!C:E,1,0) -> Entrada fermentador BV alimentação sais | I37: =VLOOKUP(B37,'FTD03'!C:E,3,0) -> DN-40 | J37: =VLOOKUP(B37,'FTD03'!C:G,5,0) -> GEMÜ | K37: =VLOOKUP(B37,'FTD04'!C:E,1,0) -> Entrada fermentador BV alimentação sais | L37: =VLOOKUP(B37,'FTD04'!C:E,3,0) -> DN-40 | M37: =VLOOKUP(B37,'FTD04'!C:G,5,0) -> GEMÜ | N37: =VLOOKUP(B37,'FTD05'!C:E,1,0) -> Entrada fermentador BV alimentação sais | O37: =VLOOKUP(B37,'FTD05'!C:E,3,0) -> DN-40 | P37: =VLOOKUP(B37,'FTD05'!C:G,5,0) -> GEMÜ | Q37: =VLOOKUP(B37,'FTD06'!C:E,1,0) -> Entrada fermentador BV alimentação sais | R37: =VLOOKUP(B37,'FTD06'!C:E,3,0) -> DN-40 | S37: =VLOOKUP(B37,'FTD06'!C:G,5,0) -> GEMÜ | T37: =VLOOKUP(B37,'FTD07'!C:E,1,0) -> Entrada fermentador BV alimentação sais | U37: =VLOOKUP(B37,'FTD07'!C:E,3,0) -> DN-40 | V37: =VLOOKUP(B37,'FTD07'!C:G,5,0) -> GEMÜ | W37: =VLOOKUP(B37,'FTD08'!C:E,1,0) -> Entrada fermentador BV alimentação sais | X37: =VLOOKUP(B37,'FTD08'!C:E,3,0) -> DN-40 | Y37: =VLOOKUP(B37,'FTD08'!C:G,5,0) -> GEMÜ | Z37: =VLOOKUP(B37,'FTD09'!C:E,1,0) -> Entrada fermentador BV alimentação sais | AA37: =VLOOKUP(B37,'FTD09'!C:E,3,0) -> DN-40 | AB37: =VLOOKUP(B37,'FTD09'!C:G,5,0) -> GEMÜ | AC37: =VLOOKUP(B37,'FTD10'!C:E,1,0) -> Entrada fermentador BV alimentação sais | AD37: =VLOOKUP(B37,'FTD10'!C:E,3,0) -> DN-40 | AE37: =VLOOKUP(B37,'FTD10'!C:G,5,0) -> GEMÜ | AF37: =VLOOKUP(B37,'FTD11'!C:E,1,0) -> Entrada fermentador BV alimentação sais | AG37: =VLOOKUP(B37,'FTD11'!C:E,3,0) -> DN-40 | AH37: =VLOOKUP(B37,'FTD11'!C:G,5,0) -> GEMÜ | AI37: =VLOOKUP(B37,'FTD12'!C:E,1,0) -> Entrada fermentador BV alimentação sais | AJ37: =VLOOKUP(B37,'FTD12'!C:E,3,0) -> DN-40 | AK37: =VLOOKUP(B37,'FTD12'!C:G,5,0) -> GEMÜ | AL37: =COUNTIF(E37:AJ37,AJ37) -> 11 | AN37: Superior | AO37: Vapor linha transferência | AP37: DN-25 | AQ37: XV-09.07 | AR37: =VLOOKUP(AN37,'PGD02'!A:E,1,0) -> Superior | AS37: =VLOOKUP(AO37,'PGD02'!C:E,1,0) -> Vapor linha transferência | AT37: =VLOOKUP(AO37,'PGD02'!C:E,3,0) -> DN-25 | AU37: =VLOOKUP(AO37,'PGD02'!C:G,5,0) -> GEMÜ | AV37: =VLOOKUP(AN37,'PGD03'!A:E,1,0) -> Superior | AW37: =VLOOKUP(AO37,'PGD03'!C:E,1,0) -> Vapor linha transferência | AX37: =VLOOKUP(AO37,'PGD03'!C:E,3,0) -> DN-25 | AY37: =VLOOKUP(AO37,'PGD03'!C:G,5,0) -> GEMÜ | AZ37: =VLOOKUP(AN37,'PGD04'!A:E,1,0) -> Superior | BA37: =VLOOKUP(AO37,'PGD03'!C:E,1,0) -> Vapor linha transferência | BB37: =VLOOKUP(AO37,'PGD04'!C:E,3,0) -> DN-25 | BC37: =VLOOKUP(AO37,'PGD04'!C:G,5,0) -> GEMÜ | BD37: =VLOOKUP(AN37,'PGD05'!A:E,1,0) -> Superior | BE37: =VLOOKUP(AO37,'PGD05'!C:E,1,0) -> Vapor linha transferência | BF37: =VLOOKUP(AO37,'PGD05'!C:E,3,0) -> DN-25 | BG37: =VLOOKUP(AO37,'PGD05'!C:G,5,0) -> GEMÜ | BH37: =VLOOKUP(AN37,'PGD06'!A:E,1,0) -> Superior | BI37: =VLOOKUP(AO37,'PGD06'!C:E,1,0) -> Vapor linha transferência | BJ37: =VLOOKUP(AO37,'PGD06'!C:E,3,0) -> DN-25 | BK37: =VLOOKUP(AO37,'PGD06'!C:G,5,0) -> GEMÜ | BL37: =VLOOKUP(AN37,'PGD07'!A:E,1,0) -> Superior | BM37: =VLOOKUP(AO37,'PGD07'!C:E,1,0) -> Vapor linha transferência | BN37: =VLOOKUP(AO37,'PGD07'!C:E,3,0) -> DN-25 | BO37: =VLOOKUP(AO37,'PGD07'!C:G,5,0) -> GEMÜ | BP37: =VLOOKUP(AN37,'PGD08'!A:E,1,0) -> Superior | BQ37: =VLOOKUP(AO37,'PGD08'!C:E,1,0) -> Vapor linha transferência | BR37: =VLOOKUP(AO37,'PGD08'!C:E,3,0) -> DN-25 | BS37: =VLOOKUP(AO37,'PGD08'!C:G,5,0) -> GEMÜ | BT37: =VLOOKUP(AN37,'PGD09'!A:E,1,0) -> Superior | BU37: =VLOOKUP(AO37,'PGD09'!C:E,1,0) -> Vapor linha transferência | BV37: =VLOOKUP(AO37,'PGD09'!C:E,3,0) -> DN-25 | BW37: =VLOOKUP(AO37,'PGD09'!C:G,5,0) -> GEMÜ | BX37: =VLOOKUP(AN37,'PGD10'!A:E,1,0) -> Superior | BY37: =VLOOKUP(AO37,'PGD10'!C:E,1,0) -> Vapor linha transferência | BZ37: =VLOOKUP(AO37,'PGD10'!C:E,3,0) -> DN-25 | CA37: =VLOOKUP(AO37,'PGD10'!C:G,5,0) -> GEMÜ | CB37: =VLOOKUP(AN37,'PGD11'!A:E,1,0) -> Superior | CC37: =VLOOKUP(AO37,'PGD11'!C:E,1,0) -> Vapor linha transferência | CD37: =VLOOKUP(AO37,'PGD11'!C:E,3,0) -> DN-25 | CE37: =VLOOKUP(AO37,'PGD11'!C:G,5,0) -> GEMÜ | CF37: =VLOOKUP(AN37,'PGD12'!A:E,1,0) -> Superior | CG37: =VLOOKUP(AO37,'PGD12'!C:E,1,0) -> Vapor linha transferência | CH37: =VLOOKUP(AO37,'PGD12'!C:E,3,0) -> DN-25 | CI37: =VLOOKUP(AO37,'PGD12'!C:G,5,0) -> GEMÜ | CJ37: =COUNTIF(AS37:CH37,CH37) -> 11
B38: Entrada fermentador BV transferência do propagador | C38: DN-40 | D38: GEMÜ | E38: =VLOOKUP(B38,'FTD02'!C:E,1,0) -> Entrada fermentador BV transferência do propagador | F38: =VLOOKUP(B38,'FTD02'!C:E,3,0) -> DN-40 | G38: =VLOOKUP(B38,'FTD02'!C:G,5,0) -> GEMÜ | H38: =VLOOKUP(B38,'FTD03'!C:E,1,0) -> Entrada fermentador BV transferência do propagador | I38: =VLOOKUP(B38,'FTD03'!C:E,3,0) -> DN-40 | J38: =VLOOKUP(B38,'FTD03'!C:G,5,0) -> GEMÜ | K38: =VLOOKUP(B38,'FTD04'!C:E,1,0) -> Entrada fermentador BV transferência do propagador | L38: =VLOOKUP(B38,'FTD04'!C:E,3,0) -> DN-40 | M38: =VLOOKUP(B38,'FTD04'!C:G,5,0) -> GEMÜ | N38: =VLOOKUP(B38,'FTD05'!C:E,1,0) -> Entrada fermentador BV transferência do propagador | O38: =VLOOKUP(B38,'FTD05'!C:E,3,0) -> DN-40 | P38: =VLOOKUP(B38,'FTD05'!C:G,5,0) -> GEMÜ | Q38: =VLOOKUP(B38,'FTD06'!C:E,1,0) -> Entrada fermentador BV transferência do propagador | R38: =VLOOKUP(B38,'FTD06'!C:E,3,0) -> DN-40 | S38: =VLOOKUP(B38,'FTD06'!C:G,5,0) -> GEMÜ | T38: =VLOOKUP(B38,'FTD07'!C:E,1,0) -> Entrada fermentador BV transferência do propagador | U38: =VLOOKUP(B38,'FTD07'!C:E,3,0) -> DN-40 | V38: =VLOOKUP(B38,'FTD07'!C:G,5,0) -> GEMÜ | W38: =VLOOKUP(B38,'FTD08'!C:E,1,0) -> Entrada fermentador BV transferência do propagador | X38: =VLOOKUP(B38,'FTD08'!C:E,3,0) -> DN-40 | Y38: =VLOOKUP(B38,'FTD08'!C:G,5,0) -> GEMÜ | Z38: =VLOOKUP(B38,'FTD09'!C:E,1,0) -> Entrada fermentador BV transferência do propagador | AA38: =VLOOKUP(B38,'FTD09'!C:E,3,0) -> DN-40 | AB38: =VLOOKUP(B38,'FTD09'!C:G,5,0) -> GEMÜ | AC38: =VLOOKUP(B38,'FTD10'!C:E,1,0) -> Entrada fermentador BV transferência do propagador | AD38: =VLOOKUP(B38,'FTD10'!C:E,3,0) -> DN-40 | AE38: =VLOOKUP(B38,'FTD10'!C:G,5,0) -> GEMÜ | AF38: =VLOOKUP(B38,'FTD11'!C:E,1,0) -> Entrada fermentador BV transferência do propagador | AG38: =VLOOKUP(B38,'FTD11'!C:E,3,0) -> DN-40 | AH38: =VLOOKUP(B38,'FTD11'!C:G,5,0) -> GEMÜ | AI38: =VLOOKUP(B38,'FTD12'!C:E,1,0) -> Entrada fermentador BV transferência do propagador | AJ38: =VLOOKUP(B38,'FTD12'!C:E,3,0) -> DN-40 | AK38: =VLOOKUP(B38,'FTD12'!C:G,5,0) -> GEMÜ | AL38: =COUNTIF(E38:AJ38,AJ38) -> 11 | AN38: Superior | AO38: Entrada bloco BV alimentação CIP | AP38: DN-25 | AQ38: XV-09.13-1 | AR38: =VLOOKUP(AN38,'PGD02'!A:E,1,0) -> Superior | AS38: =VLOOKUP(AO38,'PGD02'!C:E,1,0) -> Entrada bloco BV alimentação CIP | AT38: =VLOOKUP(AO38,'PGD02'!C:E,3,0) -> DN-25 | AU38: =VLOOKUP(AO38,'PGD02'!C:G,5,0) -> GEMÜ | AV38: =VLOOKUP(AN38,'PGD03'!A:E,1,0) -> Superior | AW38: =VLOOKUP(AO38,'PGD03'!C:E,1,0) -> Entrada bloco BV alimentação CIP | AX38: =VLOOKUP(AO38,'PGD03'!C:E,3,0) -> DN-25 | AY38: =VLOOKUP(AO38,'PGD03'!C:G,5,0) -> GEMÜ | AZ38: =VLOOKUP(AN38,'PGD04'!A:E,1,0) -> Superior | BA38: =VLOOKUP(AO38,'PGD03'!C:E,1,0) -> Entrada bloco BV alimentação CIP | BB38: =VLOOKUP(AO38,'PGD04'!C:E,3,0) -> DN-25 | BC38: =VLOOKUP(AO38,'PGD04'!C:G,5,0) -> GEMÜ | BD38: =VLOOKUP(AN38,'PGD05'!A:E,1,0) -> Superior | BE38: =VLOOKUP(AO38,'PGD05'!C:E,1,0) -> Entrada bloco BV alimentação CIP | BF38: =VLOOKUP(AO38,'PGD05'!C:E,3,0) -> DN-25 | BG38: =VLOOKUP(AO38,'PGD05'!C:G,5,0) -> GEMÜ | BH38: =VLOOKUP(AN38,'PGD06'!A:E,1,0) -> Superior | BI38: =VLOOKUP(AO38,'PGD06'!C:E,1,0) -> Entrada bloco BV alimentação CIP | BJ38: =VLOOKUP(AO38,'PGD06'!C:E,3,0) -> DN-25 | BK38: =VLOOKUP(AO38,'PGD06'!C:G,5,0) -> GEMÜ | BL38: =VLOOKUP(AN38,'PGD07'!A:E,1,0) -> Superior | BM38: =VLOOKUP(AO38,'PGD07'!C:E,1,0) -> Entrada bloco BV alimentação CIP | BN38: =VLOOKUP(AO38,'PGD07'!C:E,3,0) -> DN-25 | BO38: =VLOOKUP(AO38,'PGD07'!C:G,5,0) -> GEMÜ | BP38: =VLOOKUP(AN38,'PGD08'!A:E,1,0) -> Superior | BQ38: =VLOOKUP(AO38,'PGD08'!C:E,1,0) -> Entrada bloco BV alimentação CIP | BR38: =VLOOKUP(AO38,'PGD08'!C:E,3,0) -> DN-25 | BS38: =VLOOKUP(AO38,'PGD08'!C:G,5,0) -> GEMÜ | BT38: =VLOOKUP(AN38,'PGD09'!A:E,1,0) -> Superior | BU38: =VLOOKUP(AO38,'PGD09'!C:E,1,0) -> Entrada bloco BV alimentação CIP | BV38: =VLOOKUP(AO38,'PGD09'!C:E,3,0) -> DN-25 | BW38: =VLOOKUP(AO38,'PGD09'!C:G,5,0) -> GEMÜ | BX38: =VLOOKUP(AN38,'PGD10'!A:E,1,0) -> Superior | BY38: =VLOOKUP(AO38,'PGD10'!C:E,1,0) -> Entrada bloco BV alimentação CIP | BZ38: =VLOOKUP(AO38,'PGD10'!C:E,3,0) -> DN-25 | CA38: =VLOOKUP(AO38,'PGD10'!C:G,5,0) -> GEMÜ | CB38: =VLOOKUP(AN38,'PGD11'!A:E,1,0) -> Superior | CC38: =VLOOKUP(AO38,'PGD11'!C:E,1,0) -> Entrada bloco BV alimentação CIP | CD38: =VLOOKUP(AO38,'PGD11'!C:E,3,0) -> DN-25 | CE38: =VLOOKUP(AO38,'PGD11'!C:G,5,0) -> GEMÜ | CF38: =VLOOKUP(AN38,'PGD12'!A:E,1,0) -> Superior | CG38: =VLOOKUP(AO38,'PGD12'!C:E,1,0) -> Entrada bloco BV alimentação CIP | CH38: =VLOOKUP(AO38,'PGD12'!C:E,3,0) -> DN-25 | CI38: =VLOOKUP(AO38,'PGD12'!C:G,5,0) -> GEMÜ | CJ38: =COUNTIF(AS38:CH38,CH38) -> 11
B39: Válvula de bloqueio vapor linha de ar pré filtro absoluto | C39: DN-8 | D39: ZDL | E39: =VLOOKUP(B39,'FTD02'!C:E,1,0) -> Válvula de bloqueio vapor linha de ar pré filtro absoluto | F39: =VLOOKUP(B39,'FTD02'!C:E,3,0) -> DN-8 | G39: =VLOOKUP(B39,'FTD02'!C:G,5,0) -> ZDL | H39: =VLOOKUP(B39,'FTD03'!C:E,1,0) -> Válvula de bloqueio vapor linha de ar pré filtro absoluto | I39: =VLOOKUP(B39,'FTD03'!C:E,3,0) -> DN-8 | J39: =VLOOKUP(B39,'FTD03'!C:G,5,0) -> ZDL | K39: =VLOOKUP(B39,'FTD04'!C:E,1,0) -> Válvula de bloqueio vapor linha de ar pré filtro absoluto | L39: =VLOOKUP(B39,'FTD04'!C:E,3,0) -> DN-8 | M39: =VLOOKUP(B39,'FTD04'!C:G,5,0) -> ZDL | N39: =VLOOKUP(B39,'FTD05'!C:E,1,0) -> Válvula de bloqueio vapor linha de ar pré filtro absoluto | O39: =VLOOKUP(B39,'FTD05'!C:E,3,0) -> DN-8 | P39: =VLOOKUP(B39,'FTD05'!C:G,5,0) -> ZDL | Q39: =VLOOKUP(B39,'FTD06'!C:E,1,0) -> Válvula de bloqueio vapor linha de ar pré filtro absoluto | R39: =VLOOKUP(B39,'FTD06'!C:E,3,0) -> DN-8 | S39: =VLOOKUP(B39,'FTD06'!C:G,5,0) -> GEMÜ | T39: =VLOOKUP(B39,'FTD07'!C:E,1,0) -> Válvula de bloqueio vapor linha de ar pré filtro absoluto | U39: =VLOOKUP(B39,'FTD07'!C:E,3,0) -> DN-8 | V39: =VLOOKUP(B39,'FTD07'!C:G,5,0) -> ZDL | W39: =VLOOKUP(B39,'FTD08'!C:E,1,0) -> Válvula de bloqueio vapor linha de ar pré filtro absoluto | X39: =VLOOKUP(B39,'FTD08'!C:E,3,0) -> DN-8 | Y39: =VLOOKUP(B39,'FTD08'!C:G,5,0) -> ZDL | Z39: =VLOOKUP(B39,'FTD09'!C:E,1,0) -> Válvula de bloqueio vapor linha de ar pré filtro absoluto | AA39: =VLOOKUP(B39,'FTD09'!C:E,3,0) -> DN-8 | AB39: =VLOOKUP(B39,'FTD09'!C:G,5,0) -> ZDL | AC39: =VLOOKUP(B39,'FTD10'!C:E,1,0) -> Válvula de bloqueio vapor linha de ar pré filtro absoluto | AD39: =VLOOKUP(B39,'FTD10'!C:E,3,0) -> DN-8 | AE39: =VLOOKUP(B39,'FTD10'!C:G,5,0) -> ZDL | AF39: =VLOOKUP(B39,'FTD11'!C:E,1,0) -> Válvula de bloqueio vapor linha de ar pré filtro absoluto | AG39: =VLOOKUP(B39,'FTD11'!C:E,3,0) -> DN-8 | AH39: =VLOOKUP(B39,'FTD11'!C:G,5,0) -> ZDL | AI39: =VLOOKUP(B39,'FTD12'!C:E,1,0) -> Válvula de bloqueio vapor linha de ar pré filtro absoluto | AJ39: =VLOOKUP(B39,'FTD12'!C:E,3,0) -> DN-8 | AK39: =VLOOKUP(B39,'FTD12'!C:G,5,0) -> ZDL | AL39: =COUNTIF(E39:AJ39,AJ39) -> 11 | AN39: Superior | AO39: Entrada propagador BV alimentação CIP | AP39: DN-25 | AQ39: XV-09.13-2 | AR39: =VLOOKUP(AN39,'PGD02'!A:E,1,0) -> Superior | AS39: =VLOOKUP(AO39,'PGD02'!C:E,1,0) -> Entrada propagador BV alimentação CIP | AT39: =VLOOKUP(AO39,'PGD02'!C:E,3,0) -> DN-25 | AU39: =VLOOKUP(AO39,'PGD02'!C:G,5,0) -> GEMÜ | AV39: =VLOOKUP(AN39,'PGD03'!A:E,1,0) -> Superior | AW39: =VLOOKUP(AO39,'PGD03'!C:E,1,0) -> Entrada propagador BV alimentação CIP | AX39: =VLOOKUP(AO39,'PGD03'!C:E,3,0) -> DN-25 | AY39: =VLOOKUP(AO39,'PGD03'!C:G,5,0) -> GEMÜ | AZ39: =VLOOKUP(AN39,'PGD04'!A:E,1,0) -> Superior | BA39: =VLOOKUP(AO39,'PGD03'!C:E,1,0) -> Entrada propagador BV alimentação CIP | BB39: =VLOOKUP(AO39,'PGD04'!C:E,3,0) -> DN-25 | BC39: =VLOOKUP(AO39,'PGD04'!C:G,5,0) -> GEMÜ | BD39: =VLOOKUP(AN39,'PGD05'!A:E,1,0) -> Superior | BE39: =VLOOKUP(AO39,'PGD05'!C:E,1,0) -> Entrada propagador BV alimentação CIP | BF39: =VLOOKUP(AO39,'PGD05'!C:E,3,0) -> DN-25 | BG39: =VLOOKUP(AO39,'PGD05'!C:G,5,0) -> GEMÜ | BH39: =VLOOKUP(AN39,'PGD06'!A:E,1,0) -> Superior | BI39: =VLOOKUP(AO39,'PGD06'!C:E,1,0) -> Entrada propagador BV alimentação CIP | BJ39: =VLOOKUP(AO39,'PGD06'!C:E,3,0) -> DN-25 | BK39: =VLOOKUP(AO39,'PGD06'!C:G,5,0) -> GEMÜ | BL39: =VLOOKUP(AN39,'PGD07'!A:E,1,0) -> Superior | BM39: =VLOOKUP(AO39,'PGD07'!C:E,1,0) -> Entrada propagador BV alimentação CIP | BN39: =VLOOKUP(AO39,'PGD07'!C:E,3,0) -> DN-25 | BO39: =VLOOKUP(AO39,'PGD07'!C:G,5,0) -> GEMÜ | BP39: =VLOOKUP(AN39,'PGD08'!A:E,1,0) -> Superior | BQ39: =VLOOKUP(AO39,'PGD08'!C:E,1,0) -> Entrada propagador BV alimentação CIP | BR39: =VLOOKUP(AO39,'PGD08'!C:E,3,0) -> DN-25 | BS39: =VLOOKUP(AO39,'PGD08'!C:G,5,0) -> GEMÜ | BT39: =VLOOKUP(AN39,'PGD09'!A:E,1,0) -> Superior | BU39: =VLOOKUP(AO39,'PGD09'!C:E,1,0) -> Entrada propagador BV alimentação CIP | BV39: =VLOOKUP(AO39,'PGD09'!C:E,3,0) -> DN-25 | BW39: =VLOOKUP(AO39,'PGD09'!C:G,5,0) -> GEMÜ | BX39: =VLOOKUP(AN39,'PGD10'!A:E,1,0) -> Superior | BY39: =VLOOKUP(AO39,'PGD10'!C:E,1,0) -> Entrada propagador BV alimentação CIP | BZ39: =VLOOKUP(AO39,'PGD10'!C:E,3,0) -> DN-25 | CA39: =VLOOKUP(AO39,'PGD10'!C:G,5,0) -> GEMÜ | CB39: =VLOOKUP(AN39,'PGD11'!A:E,1,0) -> Superior | CC39: =VLOOKUP(AO39,'PGD11'!C:E,1,0) -> Entrada propagador BV alimentação CIP | CD39: =VLOOKUP(AO39,'PGD11'!C:E,3,0) -> DN-25 | CE39: =VLOOKUP(AO39,'PGD11'!C:G,5,0) -> GEMÜ | CF39: =VLOOKUP(AN39,'PGD12'!A:E,1,0) -> Superior | CG39: =VLOOKUP(AO39,'PGD12'!C:E,1,0) -> Entrada propagador BV alimentação CIP | CH39: =VLOOKUP(AO39,'PGD12'!C:E,3,0) -> DN-25 | CI39: =VLOOKUP(AO39,'PGD12'!C:G,5,0) -> GEMÜ | CJ39: =COUNTIF(AS39:CH39,CH39) -> 11
B40: Válvula linha de ar após filtro absoluto | C40: DN-80 | D40: GEMÜ | E40: =VLOOKUP(B40,'FTD02'!C:E,1,0) -> #N/A | F40: =VLOOKUP(B40,'FTD02'!C:E,3,0) -> #N/A | G40: =VLOOKUP(B40,'FTD02'!C:G,5,0) -> #N/A | H40: =VLOOKUP(B40,'FTD03'!C:E,1,0) -> #N/A | I40: =VLOOKUP(B40,'FTD03'!C:E,3,0) -> #N/A | J40: =VLOOKUP(B40,'FTD03'!C:G,5,0) -> #N/A | K40: =VLOOKUP(B40,'FTD04'!C:E,1,0) -> #N/A | L40: =VLOOKUP(B40,'FTD04'!C:E,3,0) -> #N/A | M40: =VLOOKUP(B40,'FTD04'!C:G,5,0) -> #N/A | N40: =VLOOKUP(B40,'FTD05'!C:E,1,0) -> #N/A | O40: =VLOOKUP(B40,'FTD05'!C:E,3,0) -> #N/A | P40: =VLOOKUP(B40,'FTD05'!C:G,5,0) -> #N/A | Q40: =VLOOKUP(B40,'FTD06'!C:E,1,0) -> #N/A | R40: =VLOOKUP(B40,'FTD06'!C:E,3,0) -> #N/A | S40: =VLOOKUP(B40,'FTD06'!C:G,5,0) -> #N/A | T40: =VLOOKUP(B40,'FTD07'!C:E,1,0) -> #N/A | U40: =VLOOKUP(B40,'FTD07'!C:E,3,0) -> #N/A | V40: =VLOOKUP(B40,'FTD07'!C:G,5,0) -> #N/A | W40: =VLOOKUP(B40,'FTD08'!C:E,1,0) -> #N/A | X40: =VLOOKUP(B40,'FTD08'!C:E,3,0) -> #N/A | Y40: =VLOOKUP(B40,'FTD08'!C:G,5,0) -> #N/A | Z40: =VLOOKUP(B40,'FTD09'!C:E,1,0) -> #N/A | AA40: =VLOOKUP(B40,'FTD09'!C:E,3,0) -> #N/A | AB40: =VLOOKUP(B40,'FTD09'!C:G,5,0) -> #N/A | AC40: =VLOOKUP(B40,'FTD10'!C:E,1,0) -> #N/A | AD40: =VLOOKUP(B40,'FTD10'!C:E,3,0) -> #N/A | AE40: =VLOOKUP(B40,'FTD10'!C:G,5,0) -> #N/A | AF40: =VLOOKUP(B40,'FTD11'!C:E,1,0) -> #N/A | AG40: =VLOOKUP(B40,'FTD11'!C:E,3,0) -> #N/A | AH40: =VLOOKUP(B40,'FTD11'!C:G,5,0) -> #N/A | AI40: =VLOOKUP(B40,'FTD12'!C:E,1,0) -> #N/A | AJ40: =VLOOKUP(B40,'FTD12'!C:E,3,0) -> #N/A | AK40: =VLOOKUP(B40,'FTD12'!C:G,5,0) -> #N/A | AL40: =COUNTIF(E40:AJ40,AJ40) -> 32 | AN40: Superior | AO40: Dreno BV alimentação CIP | AP40: DN-25 | AQ40: XV-09.13-3 | AR40: =VLOOKUP(AN40,'PGD02'!A:E,1,0) -> Superior | AS40: =VLOOKUP(AO40,'PGD02'!C:E,1,0) -> Dreno BV alimentação CIP | AT40: =VLOOKUP(AO40,'PGD02'!C:E,3,0) -> DN-25 | AU40: =VLOOKUP(AO40,'PGD02'!C:G,5,0) -> GEMÜ | AV40: =VLOOKUP(AN40,'PGD03'!A:E,1,0) -> Superior | AW40: =VLOOKUP(AO40,'PGD03'!C:E,1,0) -> Dreno BV alimentação CIP | AX40: =VLOOKUP(AO40,'PGD03'!C:E,3,0) -> DN-25 | AY40: =VLOOKUP(AO40,'PGD03'!C:G,5,0) -> GEMÜ | AZ40: =VLOOKUP(AN40,'PGD04'!A:E,1,0) -> Superior | BA40: =VLOOKUP(AO40,'PGD03'!C:E,1,0) -> Dreno BV alimentação CIP | BB40: =VLOOKUP(AO40,'PGD04'!C:E,3,0) -> DN-25 | BC40: =VLOOKUP(AO40,'PGD04'!C:G,5,0) -> GEMÜ | BD40: =VLOOKUP(AN40,'PGD05'!A:E,1,0) -> Superior | BE40: =VLOOKUP(AO40,'PGD05'!C:E,1,0) -> Dreno BV alimentação CIP | BF40: =VLOOKUP(AO40,'PGD05'!C:E,3,0) -> DN-25 | BG40: =VLOOKUP(AO40,'PGD05'!C:G,5,0) -> GEMÜ | BH40: =VLOOKUP(AN40,'PGD06'!A:E,1,0) -> Superior | BI40: =VLOOKUP(AO40,'PGD06'!C:E,1,0) -> Dreno BV alimentação CIP | BJ40: =VLOOKUP(AO40,'PGD06'!C:E,3,0) -> DN-25 | BK40: =VLOOKUP(AO40,'PGD06'!C:G,5,0) -> GEMÜ | BL40: =VLOOKUP(AN40,'PGD07'!A:E,1,0) -> Superior | BM40: =VLOOKUP(AO40,'PGD07'!C:E,1,0) -> Dreno BV alimentação CIP | BN40: =VLOOKUP(AO40,'PGD07'!C:E,3,0) -> DN-25 | BO40: =VLOOKUP(AO40,'PGD07'!C:G,5,0) -> GEMÜ | BP40: =VLOOKUP(AN40,'PGD08'!A:E,1,0) -> Superior | BQ40: =VLOOKUP(AO40,'PGD08'!C:E,1,0) -> Dreno BV alimentação CIP | BR40: =VLOOKUP(AO40,'PGD08'!C:E,3,0) -> DN-25 | BS40: =VLOOKUP(AO40,'PGD08'!C:G,5,0) -> GEMÜ | BT40: =VLOOKUP(AN40,'PGD09'!A:E,1,0) -> Superior | BU40: =VLOOKUP(AO40,'PGD09'!C:E,1,0) -> Dreno BV alimentação CIP | BV40: =VLOOKUP(AO40,'PGD09'!C:E,3,0) -> DN-25 | BW40: =VLOOKUP(AO40,'PGD09'!C:G,5,0) -> GEMÜ | BX40: =VLOOKUP(AN40,'PGD10'!A:E,1,0) -> Superior | BY40: =VLOOKUP(AO40,'PGD10'!C:E,1,0) -> Dreno BV alimentação CIP | BZ40: =VLOOKUP(AO40,'PGD10'!C:E,3,0) -> DN-25 | CA40: =VLOOKUP(AO40,'PGD10'!C:G,5,0) -> GEMÜ | CB40: =VLOOKUP(AN40,'PGD11'!A:E,1,0) -> Superior | CC40: =VLOOKUP(AO40,'PGD11'!C:E,1,0) -> Dreno BV alimentação CIP | CD40: =VLOOKUP(AO40,'PGD11'!C:E,3,0) -> DN-25 | CE40: =VLOOKUP(AO40,'PGD11'!C:G,5,0) -> GEMÜ | CF40: =VLOOKUP(AN40,'PGD12'!A:E,1,0) -> Superior | CG40: =VLOOKUP(AO40,'PGD12'!C:E,1,0) -> Dreno BV alimentação CIP | CH40: =VLOOKUP(AO40,'PGD12'!C:E,3,0) -> DN-25 | CI40: =VLOOKUP(AO40,'PGD12'!C:G,5,0) -> GEMÜ | CJ40: =COUNTIF(AS40:CH40,CH40) -> 11
B41: Vapor linha alimentação nitrogênio | C41: DN-40 | D41: GEMÜ | E41: =VLOOKUP(B41,'FTD02'!C:E,1,0) -> Vapor linha alimentação nitrogênio | F41: =VLOOKUP(B41,'FTD02'!C:E,3,0) -> DN-40 | G41: =VLOOKUP(B41,'FTD02'!C:G,5,0) -> GEMÜ | H41: =VLOOKUP(B41,'FTD03'!C:E,1,0) -> Vapor linha alimentação nitrogênio | I41: =VLOOKUP(B41,'FTD03'!C:E,3,0) -> DN-40 | J41: =VLOOKUP(B41,'FTD03'!C:G,5,0) -> GEMÜ | K41: =VLOOKUP(B41,'FTD04'!C:E,1,0) -> Vapor linha alimentação nitrogênio | L41: =VLOOKUP(B41,'FTD04'!C:E,3,0) -> DN-40 | M41: =VLOOKUP(B41,'FTD04'!C:G,5,0) -> GEMÜ | N41: =VLOOKUP(B41,'FTD05'!C:E,1,0) -> Vapor linha alimentação nitrogênio | O41: =VLOOKUP(B41,'FTD05'!C:E,3,0) -> DN-40 | P41: =VLOOKUP(B41,'FTD05'!C:G,5,0) -> GEMÜ | Q41: =VLOOKUP(B41,'FTD06'!C:E,1,0) -> Vapor linha alimentação nitrogênio | R41: =VLOOKUP(B41,'FTD06'!C:E,3,0) -> DN-40 | S41: =VLOOKUP(B41,'FTD06'!C:G,5,0) -> GEMÜ | T41: =VLOOKUP(B41,'FTD07'!C:E,1,0) -> Vapor linha alimentação nitrogênio | U41: =VLOOKUP(B41,'FTD07'!C:E,3,0) -> DN-40 | V41: =VLOOKUP(B41,'FTD07'!C:G,5,0) -> GEMÜ | W41: =VLOOKUP(B41,'FTD08'!C:E,1,0) -> Vapor linha alimentação nitrogênio | X41: =VLOOKUP(B41,'FTD08'!C:E,3,0) -> DN-40 | Y41: =VLOOKUP(B41,'FTD08'!C:G,5,0) -> GEMÜ | Z41: =VLOOKUP(B41,'FTD09'!C:E,1,0) -> Vapor linha alimentação nitrogênio | AA41: =VLOOKUP(B41,'FTD09'!C:E,3,0) -> DN-40 | AB41: =VLOOKUP(B41,'FTD09'!C:G,5,0) -> GEMÜ | AC41: =VLOOKUP(B41,'FTD10'!C:E,1,0) -> Vapor linha alimentação nitrogênio | AD41: =VLOOKUP(B41,'FTD10'!C:E,3,0) -> DN-40 | AE41: =VLOOKUP(B41,'FTD10'!C:G,5,0) -> GEMÜ | AF41: =VLOOKUP(B41,'FTD11'!C:E,1,0) -> Vapor linha alimentação nitrogênio | AG41: =VLOOKUP(B41,'FTD11'!C:E,3,0) -> DN-40 | AH41: =VLOOKUP(B41,'FTD11'!C:G,5,0) -> GEMÜ | AI41: =VLOOKUP(B41,'FTD12'!C:E,1,0) -> Vapor linha alimentação nitrogênio | AJ41: =VLOOKUP(B41,'FTD12'!C:E,3,0) -> DN-40 | AK41: =VLOOKUP(B41,'FTD12'!C:G,5,0) -> GEMÜ | AL41: =COUNTIF(E41:AJ41,AJ41) -> 11 | AN41: Inferior | AO41: Válvla de bloqueio de vapor fundo tanque e bloco 3 vias de amostra | AP41: DN-8 | AQ41: Manual | AR41: =VLOOKUP(AN41,'PGD02'!A:E,1,0) -> Inferior | AS41: =VLOOKUP(AO41,'PGD02'!C:E,1,0) -> Válvla de bloqueio de vapor fundo tanque e bloco 3 vias de amostra | AT41: =VLOOKUP(AO41,'PGD02'!C:E,3,0) -> DN-8 | AU41: =VLOOKUP(AO41,'PGD02'!C:G,5,0) -> GEMÜ | AV41: =VLOOKUP(AN41,'PGD03'!A:E,1,0) -> Inferior | AW41: =VLOOKUP(AO41,'PGD03'!C:E,1,0) -> Válvla de bloqueio de vapor fundo tanque e bloco 3 vias de amostra | AX41: =VLOOKUP(AO41,'PGD03'!C:E,3,0) -> DN-8 | AY41: =COUNTIF(AY4:AY40,AY33) -> 5 | AZ41: =VLOOKUP(AN41,'PGD04'!A:E,1,0) -> Inferior | BA41: =VLOOKUP(AO41,'PGD03'!C:E,1,0) -> Válvla de bloqueio de vapor fundo tanque e bloco 3 vias de amostra | BB41: =VLOOKUP(AO41,'PGD04'!C:E,3,0) -> DN-8 | BC41: =VLOOKUP(AO41,'PGD04'!C:G,5,0) -> GEMÜ | BD41: =VLOOKUP(AN41,'PGD05'!A:E,1,0) -> Inferior | BE41: =VLOOKUP(AO41,'PGD05'!C:E,1,0) -> Válvla de bloqueio de vapor fundo tanque e bloco 3 vias de amostra | BF41: =VLOOKUP(AO41,'PGD05'!C:E,3,0) -> DN-8 | BG41: =VLOOKUP(AO41,'PGD05'!C:G,5,0) -> GEMÜ | BH41: =VLOOKUP(AN41,'PGD06'!A:E,1,0) -> Inferior | BI41: =VLOOKUP(AO41,'PGD06'!C:E,1,0) -> Válvla de bloqueio de vapor fundo tanque e bloco 3 vias de amostra | BJ41: =VLOOKUP(AO41,'PGD06'!C:E,3,0) -> DN-8 | BK41: =VLOOKUP(AO41,'PGD06'!C:G,5,0) -> GEMÜ | BL41: =VLOOKUP(AN41,'PGD07'!A:E,1,0) -> Inferior | BM41: =VLOOKUP(AO41,'PGD07'!C:E,1,0) -> Válvla de bloqueio de vapor fundo tanque e bloco 3 vias de amostra | BN41: =VLOOKUP(AO41,'PGD07'!C:E,3,0) -> DN-8 | BO41: =VLOOKUP(AO41,'PGD07'!C:G,5,0) -> GEMÜ | BP41: =VLOOKUP(AN41,'PGD08'!A:E,1,0) -> Inferior | BQ41: =VLOOKUP(AO41,'PGD08'!C:E,1,0) -> Válvla de bloqueio de vapor fundo tanque e bloco 3 vias de amostra | BR41: =VLOOKUP(AO41,'PGD08'!C:E,3,0) -> DN-8 | BS41: =VLOOKUP(AO41,'PGD08'!C:G,5,0) -> GEMÜ | BT41: =VLOOKUP(AN41,'PGD09'!A:E,1,0) -> Inferior | BU41: =VLOOKUP(AO41,'PGD09'!C:E,1,0) -> Válvla de bloqueio de vapor fundo tanque e bloco 3 vias de amostra | BV41: =VLOOKUP(AO41,'PGD09'!C:E,3,0) -> DN-8 | BW41: =VLOOKUP(AO41,'PGD09'!C:G,5,0) -> GEMÜ | BX41: =VLOOKUP(AN41,'PGD10'!A:E,1,0) -> Inferior | BY41: =VLOOKUP(AO41,'PGD10'!C:E,1,0) -> Válvla de bloqueio de vapor fundo tanque e bloco 3 vias de amostra | BZ41: =VLOOKUP(AO41,'PGD10'!C:E,3,0) -> DN-8 | CA41: =VLOOKUP(AO41,'PGD10'!C:G,5,0) -> GEMÜ | CB41: =VLOOKUP(AN41,'PGD11'!A:E,1,0) -> Inferior | CC41: =VLOOKUP(AO41,'PGD11'!C:E,1,0) -> Válvla de bloqueio de vapor fundo tanque e bloco 3 vias de amostra | CD41: =VLOOKUP(AO41,'PGD11'!C:E,3,0) -> DN-8 | CE41: =VLOOKUP(AO41,'PGD11'!C:G,5,0) -> GEMÜ | CF41: =VLOOKUP(AN41,'PGD12'!A:E,1,0) -> Inferior | CG41: =VLOOKUP(AO41,'PGD12'!C:E,1,0) -> Válvla de bloqueio de vapor fundo tanque e bloco 3 vias de amostra | CH41: =VLOOKUP(AO41,'PGD12'!C:E,3,0) -> DN-8 | CI41: =VLOOKUP(AO41,'PGD12'!C:G,5,0) -> GEMÜ
B42: Vapor linha de sais | C42: DN-40 | D42: GEMÜ | E42: =VLOOKUP(B42,'FTD02'!C:E,1,0) -> Vapor linha de sais | F42: =VLOOKUP(B42,'FTD02'!C:E,3,0) -> DN-40 | G42: =VLOOKUP(B42,'FTD02'!C:G,5,0) -> GEMÜ | H42: =VLOOKUP(B42,'FTD03'!C:E,1,0) -> Vapor linha de sais | I42: =VLOOKUP(B42,'FTD03'!C:E,3,0) -> DN-40 | J42: =VLOOKUP(B42,'FTD03'!C:G,5,0) -> GEMÜ | K42: =VLOOKUP(B42,'FTD04'!C:E,1,0) -> Vapor linha de sais | L42: =VLOOKUP(B42,'FTD04'!C:E,3,0) -> DN-40 | M42: =VLOOKUP(B42,'FTD04'!C:G,5,0) -> GEMÜ | N42: =VLOOKUP(B42,'FTD05'!C:E,1,0) -> Vapor linha de sais | O42: =VLOOKUP(B42,'FTD05'!C:E,3,0) -> DN-40 | P42: =VLOOKUP(B42,'FTD05'!C:G,5,0) -> GEMÜ | Q42: =VLOOKUP(B42,'FTD06'!C:E,1,0) -> Vapor linha de sais | R42: =VLOOKUP(B42,'FTD06'!C:E,3,0) -> DN-40 | S42: =VLOOKUP(B42,'FTD06'!C:G,5,0) -> GEMÜ | T42: =VLOOKUP(B42,'FTD07'!C:E,1,0) -> Vapor linha de sais | U42: =VLOOKUP(B42,'FTD07'!C:E,3,0) -> DN-40 | V42: =VLOOKUP(B42,'FTD07'!C:G,5,0) -> GEMÜ | W42: =VLOOKUP(B42,'FTD08'!C:E,1,0) -> Vapor linha de sais | X42: =VLOOKUP(B42,'FTD08'!C:E,3,0) -> DN-40 | Y42: =VLOOKUP(B42,'FTD08'!C:G,5,0) -> GEMÜ | Z42: =VLOOKUP(B42,'FTD09'!C:E,1,0) -> Vapor linha de sais | AA42: =VLOOKUP(B42,'FTD09'!C:E,3,0) -> DN-40 | AB42: =VLOOKUP(B42,'FTD09'!C:G,5,0) -> GEMÜ | AC42: =VLOOKUP(B42,'FTD10'!C:E,1,0) -> Vapor linha de sais | AD42: =VLOOKUP(B42,'FTD10'!C:E,3,0) -> DN-40 | AE42: =VLOOKUP(B42,'FTD10'!C:G,5,0) -> GEMÜ | AF42: =VLOOKUP(B42,'FTD11'!C:E,1,0) -> Vapor linha de sais | AG42: =VLOOKUP(B42,'FTD11'!C:E,3,0) -> DN-40 | AH42: =VLOOKUP(B42,'FTD11'!C:G,5,0) -> GEMÜ | AI42: =VLOOKUP(B42,'FTD12'!C:E,1,0) -> Vapor linha de sais | AJ42: =VLOOKUP(B42,'FTD12'!C:E,3,0) -> DN-40 | AK42: =VLOOKUP(B42,'FTD12'!C:G,5,0) -> GEMÜ | AL42: =COUNTIF(E42:AJ42,AJ42) -> 11 | AQ42: =COUNTIF(AQ4:AQ40,"GEMÜ") -> 0 | AU42: =COUNTIF(AU4:AU40,AU34) -> 33 | AY42: =COUNTIF(AY4:AY40,AY35) -> 32 | BC42: =COUNTIF(BC4:BC40,"GEMÜ") -> 32 | BG42: =COUNTIF(BG4:BG40,"GEMÜ") -> 32 | BK42: =COUNTIF(BK4:BK40,"GEMÜ") -> 32 | BO42: =COUNTIF(BO4:BO40,"GEMÜ") -> 32 | BS42: =COUNTIF(BS4:BS40,"GEMÜ") -> 31 | BW42: =COUNTIF(BW4:BW40,"GEMÜ") -> 32 | CA42: =COUNTIF(CA4:CA40,"GEMÜ") -> 32 | CE42: =COUNTIF(CE4:CE40,"GEMÜ") -> 32 | CI42: =COUNTIF(CI4:CI40,"GEMÜ") -> 32
B43: Vapor linha transferência | C43: DN-40 | D43: GEMÜ | E43: =VLOOKUP(B43,'FTD02'!C:E,1,0) -> Vapor linha transferência | F43: =VLOOKUP(B43,'FTD02'!C:E,3,0) -> DN-40 | G43: =VLOOKUP(B43,'FTD02'!C:G,5,0) -> GEMÜ | H43: =VLOOKUP(B43,'FTD03'!C:E,1,0) -> Vapor linha transferência | I43: =VLOOKUP(B43,'FTD03'!C:E,3,0) -> DN-40 | J43: =VLOOKUP(B43,'FTD03'!C:G,5,0) -> GEMÜ | K43: =VLOOKUP(B43,'FTD04'!C:E,1,0) -> Vapor linha transferência | L43: =VLOOKUP(B43,'FTD04'!C:E,3,0) -> DN-40 | M43: =VLOOKUP(B43,'FTD04'!C:G,5,0) -> GEMÜ | N43: =VLOOKUP(B43,'FTD05'!C:E,1,0) -> Vapor linha transferência | O43: =VLOOKUP(B43,'FTD05'!C:E,3,0) -> DN-40 | P43: =VLOOKUP(B43,'FTD05'!C:G,5,0) -> GEMÜ | Q43: =VLOOKUP(B43,'FTD06'!C:E,1,0) -> Vapor linha transferência | R43: =VLOOKUP(B43,'FTD06'!C:E,3,0) -> DN-40 | S43: =VLOOKUP(B43,'FTD06'!C:G,5,0) -> GEMÜ | T43: =VLOOKUP(B43,'FTD07'!C:E,1,0) -> Vapor linha transferência | U43: =VLOOKUP(B43,'FTD07'!C:E,3,0) -> DN-40 | V43: =VLOOKUP(B43,'FTD07'!C:G,5,0) -> GEMÜ | W43: =VLOOKUP(B43,'FTD08'!C:E,1,0) -> Vapor linha transferência | X43: =VLOOKUP(B43,'FTD08'!C:E,3,0) -> DN-40 | Y43: =VLOOKUP(B43,'FTD08'!C:G,5,0) -> GEMÜ | Z43: =VLOOKUP(B43,'FTD09'!C:E,1,0) -> Vapor linha transferência | AA43: =VLOOKUP(B43,'FTD09'!C:E,3,0) -> DN-40 | AB43: =VLOOKUP(B43,'FTD09'!C:G,5,0) -> GEMÜ | AC43: =VLOOKUP(B43,'FTD10'!C:E,1,0) -> Vapor linha transferência | AD43: =VLOOKUP(B43,'FTD10'!C:E,3,0) -> DN-40 | AE43: =VLOOKUP(B43,'FTD10'!C:G,5,0) -> GEMÜ | AF43: =VLOOKUP(B43,'FTD11'!C:E,1,0) -> Vapor linha transferência | AG43: =VLOOKUP(B43,'FTD11'!C:E,3,0) -> DN-40 | AH43: =VLOOKUP(B43,'FTD11'!C:G,5,0) -> GEMÜ | AI43: =VLOOKUP(B43,'FTD12'!C:E,1,0) -> Vapor linha transferência | AJ43: =VLOOKUP(B43,'FTD12'!C:E,3,0) -> DN-40 | AK43: =VLOOKUP(B43,'FTD12'!C:G,5,0) -> GEMÜ | AL43: =COUNTIF(E43:AJ43,AJ43) -> 11
D44: =COUNTIF(D4:D43,"ZDL") -> 7 | G44: =COUNTIF(G4:G43,G39) -> 7 | J44: =COUNTIF(J4:J43,J39) -> 7 | M44: =COUNTIF(M4:M43,M39) -> 7 | P44: =COUNTIF(P4:P43,P39) -> 8 | S44: =COUNTIF(S4:S43,S24) -> 6 | V44: =COUNTIF(V4:V43,V39) -> 6 | Y44: =COUNTIF(Y4:Y43,Y39) -> 6 | AB44: =COUNTIF(AB4:AB43,AB39) -> 8 | AE44: =COUNTIF(AE4:AE43,AE39) -> 8 | AH44: =COUNTIF(AH4:AH43,AH39) -> 7 | AK44: =COUNTIF(AK4:AK43,AK39) -> 8
D45: =COUNTIF(D4:D43,"GEMÜ") -> 33 | G45: =COUNTIF(G4:G43,G38) -> 30 | J45: =COUNTIF(J4:J43,J38) -> 30 | M45: =COUNTIF(M4:M43,M40) -> 3 | P45: =COUNTIF(P4:P43,P38) -> 29 | S45: =COUNTIF(S4:S43,S33) -> 31 | V45: =COUNTIF(V4:V43,V40) -> 3 | Y45: =COUNTIF(Y4:Y43,Y40) -> 3 | AB45: =COUNTIF(AB4:AB43,AB40) -> 3 | AE45: =COUNTIF(AE4:AE43,AE40) -> 3 | AH45: =COUNTIF(AH4:AH43,AH38) -> 30 | AK45: =COUNTIF(AK4:AK43,AK40) -> 3

Sheet Lista rev FER
B2: FTD01 | F2: FTD02 | J2: FTD03 | N2: FTD04 | R2: FTD05 | V2: FTD06 | Z2: FTD07 | AD2: FTD08 | AH2: FTD09 | AL2: FTD10 | AP2: FTD11 | AT2: FTD12 | BA2: PGD01 | BE2: PGD02 | BI2: PGD03 | BM2: PGD04 | BQ2: PGD05 | BU2: PGD06 | BY2: PGD07 | CC2: PGD08 | CG2: PGD09 | CK2: PGD10 | CO2: PGD11 | CS2: PGD12 | CY2: BLD01 | DB2: BLD02
B3: DESCRIÇÃO | C3: Local | D3: DN | E3: MARCA | F3: DESCRIÇÃO | H3: DN | I3: MARCA | J3: DESCRIÇÃO | L3: DN | M3: MARCA | N3: DESCRIÇÃO | P3: DN | Q3: MARCA | R3: DESCRIÇÃO | T3: DN | U3: MARCA | V3: DESCRIÇÃO | X3: DN | Y3: MARCA | Z3: DESCRIÇÃO | AB3: DN | AC3: MARCA | AD3: DESCRIÇÃO | AF3: DN | AG3: MARCA | AH3: DESCRIÇÃO | AJ3: DN | AK3: MARCA | AL3: DESCRIÇÃO | AN3: DN | AO3: MARCA | AP3: DESCRIÇÃO | AR3: DN | AS3: MARCA | AT3: DESCRIÇÃO | AV3: DN | AW3: MARCA | AX3: Inferior/superior | AY3: Qnt. Diafragma | BA3: Linha vapor fundo esterilização | BB3: Local | BC3: DN | BD3: MARCA | BE3: DESCRIÇÃO | BG3: DN | BH3: MARCA | BI3: DESCRIÇÃO | BK3: DN | BL3: MARCA | BM3: DESCRIÇÃO | BO3: DN | BP3: MARCA | BQ3: DESCRIÇÃO | BS3: DN | BT3: MARCA | BU3: DESCRIÇÃO | BW3: DN | BX3: MARCA | BY3: DESCRIÇÃO | CA3: DN | CB3: MARCA | CC3: DESCRIÇÃO | CE3: DN | CF3: MARCA | CG3: DESCRIÇÃO | CI3: DN | CJ3: MARCA | CK3: DESCRIÇÃO | CM3: DN | CN3: MARCA | CO3: DESCRIÇÃO | CQ3: DN | CR3: MARCA | CS3: DESCRIÇÃO | CU3: DN | CV3: MARCA | CY3: DESCRIÇÃO | CZ3: DN | DA3: MARCA | DB3: DESCRIÇÃO | DC3: DN | DD3: MARCA
B4: Alimentação de vapor fundo do tanque e bloco de amostra | C4: Inferior | D4: DN-8 | E4: ZDL | F4: =VLOOKUP(B4,'FTD02'!C:E,1,0) -> Alimentação de vapor fundo do tanque e bloco de amostra | G4: =VLOOKUP(C4,'FTD02'!A:E,1,0) -> Inferior | H4: =VLOOKUP(B4,'FTD02'!C:E,3,0) -> DN-8 | I4: =VLOOKUP(B4,'FTD02'!C:G,5,0) -> ZDL | J4: =VLOOKUP(B4,'FTD03'!C:E,1,0) -> Alimentação de vapor fundo do tanque e bloco de amostra | K4: =VLOOKUP(C4,'FTD03'!A:E,1,0) -> Inferior | L4: =VLOOKUP(B4,'FTD03'!C:E,3,0) -> DN-8 | M4: =VLOOKUP(B4,'FTD03'!C:G,5,0) -> ZDL | N4: =VLOOKUP(B4,'FTD04'!C:E,1,0) -> Alimentação de vapor fundo do tanque e bloco de amostra | O4: =VLOOKUP(C4,'FTD04'!A:E,1,0) -> Inferior | P4: =VLOOKUP(B4,'FTD04'!C:E,3,0) -> DN-8 | Q4: =VLOOKUP(B4,'FTD04'!C:G,5,0) -> GEMÜ | R4: =VLOOKUP(B4,'FTD05'!C:E,1,0) -> Alimentação de vapor fundo do tanque e bloco de amostra | S4: =VLOOKUP(C4,'FTD05'!A:E,1,0) -> Inferior | T4: =VLOOKUP(B4,'FTD05'!C:E,3,0) -> DN-8 | U4: =VLOOKUP(B4,'FTD05'!C:G,5,0) -> ZDL | V4: =VLOOKUP(B4,'FTD06'!C:E,1,0) -> Alimentação de vapor fundo do tanque e bloco de amostra | W4: =VLOOKUP(C4,'FTD06'!A:E,1,0) -> Inferior | X4: =VLOOKUP(B4,'FTD06'!C:E,3,0) -> DN-8 | Y4: =VLOOKUP(B4,'FTD06'!C:G,5,0) -> ZDL | Z4: =VLOOKUP(B4,'FTD07'!C:E,1,0) -> Alimentação de vapor fundo do tanque e bloco de amostra | AA4: =VLOOKUP(C4,'FTD07'!A:E,1,0) -> Inferior | AB4: =VLOOKUP(B4,'FTD07'!C:E,3,0) -> DN-8 | AC4: =VLOOKUP(B4,'FTD07'!C:G,5,0) -> GEMÜ | AD4: =VLOOKUP(B4,'FTD08'!C:E,1,0) -> Alimentação de vapor fundo do tanque e bloco de amostra | AE4: =VLOOKUP(C4,'FTD08'!A:E,1,0) -> Inferior | AF4: =VLOOKUP(B4,'FTD08'!C:E,3,0) -> DN-8 | AG4: =VLOOKUP(B4,'FTD08'!C:G,5,0) -> GEMÜ | AH4: =VLOOKUP(B4,'FTD09'!C:E,1,0) -> Alimentação de vapor fundo do tanque e bloco de amostra | AI4: =VLOOKUP(C4,'FTD09'!A:E,1,0) -> Inferior | AJ4: =VLOOKUP(B4,'FTD09'!C:E,3,0) -> DN-8 | AK4: =VLOOKUP(B4,'FTD09'!C:G,5,0) -> ZDL | AL4: =VLOOKUP(B4,'FTD10'!C:E,1,0) -> Alimentação de vapor fundo do tanque e bloco de amostra | AM4: =VLOOKUP(C4,'FTD10'!A:E,1,0) -> Inferior | AN4: =VLOOKUP(B4,'FTD10'!C:E,3,0) -> DN-8 | AO4: =VLOOKUP(B4,'FTD10'!C:G,5,0) -> GEMÜ | AP4: =VLOOKUP(B4,'FTD11'!C:E,1,0) -> Alimentação de vapor fundo do tanque e bloco de amostra | AQ4: =VLOOKUP(C4,'FTD11'!A:E,1,0) -> Inferior | AR4: =VLOOKUP(B4,'FTD11'!C:E,3,0) -> DN-8 | AS4: =VLOOKUP(B4,'FTD11'!C:G,5,0) -> GEMÜ | AT4: =VLOOKUP(B4,'FTD12'!C:E,1,0) -> Alimentação de vapor fundo do tanque e bloco de amostra | AU4: =VLOOKUP(C4,'FTD12'!A:E,1,0) -> Inferior | AV4: =VLOOKUP(B4,'FTD12'!C:E,3,0) -> DN-8 | AW4: =VLOOKUP(B4,'FTD12'!C:G,5,0) -> ZDL | AX4: =COUNTIF(E4:AU4,AU4) -> 11 | AY4: =COUNTIF(F4:AV4,AV4) -> 11 | BA4: Bloco 2 vias fundo – Vapor | BB4: Inferior | BC4: DN-40 | BD4: GEMÜ | BE4: =VLOOKUP(BA4,'PGD02'!C:E,1,0) -> Bloco 2 vias fundo – Vapor | BG4: =VLOOKUP(BA4,'PGD02'!C:E,3,0) -> DN-40 | BH4: =VLOOKUP(BA4,'PGD02'!C:G,5,0) -> GEMÜ | BI4: =VLOOKUP(BA4,'PGD03'!C:E,1,0) -> Bloco 2 vias fundo – Vapor | BK4: =VLOOKUP(BA4,'PGD03'!C:E,3,0) -> DN-40 | BL4: =VLOOKUP(BA4,'PGD03'!C:G,5,0) -> GEMÜ | BM4: =VLOOKUP(BA4,'PGD03'!C:E,1,0) -> Bloco 2 vias fundo – Vapor | BO4: =VLOOKUP(BA4,'PGD04'!C:E,3,0) -> DN-40 | BP4: =VLOOKUP(BA4,'PGD04'!C:G,5,0) -> GEMÜ | BQ4: =VLOOKUP(BA4,'PGD05'!C:E,1,0) -> Bloco 2 vias fundo – Vapor | BS4: =VLOOKUP(BA4,'PGD05'!C:E,3,0) -> DN-40 | BT4: =VLOOKUP(BA4,'PGD05'!C:G,5,0) -> GEMÜ | BU4: =VLOOKUP(BA4,'PGD06'!C:E,1,0) -> Bloco 2 vias fundo – Vapor | BW4: =VLOOKUP(BA4,'PGD06'!C:E,3,0) -> DN-40 | BX4: =VLOOKUP(BA4,'PGD06'!C:G,5,0) -> GEMÜ | BY4: =VLOOKUP(BA4,'PGD07'!C:E,1,0) -> Bloco 2 vias fundo – Vapor | CA4: =VLOOKUP(BA4,'PGD07'!C:E,3,0) -> DN-40 | CB4: =VLOOKUP(BA4,'PGD07'!C:G,5,0) -> GEMÜ | CC4: =VLOOKUP(BA4,'PGD08'!C:E,1,0) -> Bloco 2 vias fundo – Vapor | CE4: =VLOOKUP(BA4,'PGD08'!C:E,3,0) -> DN-40 | CF4: =VLOOKUP(BA4,'PGD08'!C:G,5,0) -> GEMÜ | CG4: =VLOOKUP(BA4,'PGD09'!C:E,1,0) -> Bloco 2 vias fundo – Vapor | CI4: =VLOOKUP(BA4,'PGD09'!C:E,3,0) -> DN-40 | CJ4: =VLOOKUP(BA4,'PGD09'!C:G,5,0) -> GEMÜ | CK4: =VLOOKUP(BA4,'PGD10'!C:E,1,0) -> Bloco 2 vias fundo – Vapor | CM4: =VLOOKUP(BA4,'PGD10'!C:E,3,0) -> DN-40 | CN4: =VLOOKUP(BA4,'PGD10'!C:G,5,0) -> GEMÜ | CO4: =VLOOKUP(BA4,'PGD11'!C:E,1,0) -> Bloco 2 vias fundo – Vapor | CQ4: =VLOOKUP(BA4,'PGD11'!C:E,3,0) -> DN-40 | CR4: =VLOOKUP(BA4,'PGD11'!C:G,5,0) -> GEMÜ | CS4: =VLOOKUP(BA4,'PGD12'!C:E,1,0) -> Bloco 2 vias fundo – Vapor | CU4: =VLOOKUP(BA4,'PGD12'!C:E,3,0) -> DN-40 | CV4: =VLOOKUP(BA4,'PGD12'!C:G,5,0) -> ZDL | CW4: =COUNTIF(BE4:CU4,CU4) -> 11 | CY4: Bloco válv. 3 vias coletor de amostra Entrada tanque | CZ4: DN-15 | DA4: ZDL | DB4: =VLOOKUP(CY4,'BLD03'!C:E,1,0) -> Bloco válv. 3 vias coletor de amostra Entrada tanque | DC4: =VLOOKUP(CY4,'BLD03'!C:E,3,0) -> DN-15 | DD4: =VLOOKUP(CY4,'BLD02'!C:G,5,0) -> ZDL | DE4: =COUNTIF(CY4:DC4,DC4) -> 2
B5: Bloco 2 vias fundo – fundo | C5: Inferior | D5: DN-40 | E5: GEMÜ | F5: =VLOOKUP(B5,'FTD02'!C:E,1,0) -> Bloco 2 vias fundo – fundo | G5: =VLOOKUP(C5,'FTD02'!A:E,1,0) -> Inferior | H5: =VLOOKUP(B5,'FTD02'!C:E,3,0) -> DN-40 | I5: =VLOOKUP(B5,'FTD02'!C:G,5,0) -> GEMÜ | J5: =VLOOKUP(B5,'FTD03'!C:E,1,0) -> Bloco 2 vias fundo – fundo | K5: =VLOOKUP(C5,'FTD03'!A:E,1,0) -> Inferior | L5: =VLOOKUP(B5,'FTD03'!C:E,3,0) -> DN-40 | M5: =VLOOKUP(B5,'FTD03'!C:G,5,0) -> GEMÜ | N5: =VLOOKUP(B5,'FTD04'!C:E,1,0) -> Bloco 2 vias fundo – fundo | O5: =VLOOKUP(C5,'FTD04'!A:E,1,0) -> Inferior | P5: =VLOOKUP(B5,'FTD04'!C:E,3,0) -> DN-40 | Q5: =VLOOKUP(B5,'FTD04'!C:G,5,0) -> GEMÜ | R5: =VLOOKUP(B5,'FTD05'!C:E,1,0) -> Bloco 2 vias fundo – fundo | S5: =VLOOKUP(C5,'FTD05'!A:E,1,0) -> Inferior | T5: =VLOOKUP(B5,'FTD05'!C:E,3,0) -> DN-40 | U5: =VLOOKUP(B5,'FTD05'!C:G,5,0) -> GEMÜ | V5: =VLOOKUP(B5,'FTD06'!C:E,1,0) -> Bloco 2 vias fundo – fundo | W5: =VLOOKUP(C5,'FTD06'!A:E,1,0) -> Inferior | X5: =VLOOKUP(B5,'FTD06'!C:E,3,0) -> DN-40 | Y5: =VLOOKUP(B5,'FTD06'!C:G,5,0) -> GEMÜ | Z5: =VLOOKUP(B5,'FTD07'!C:E,1,0) -> Bloco 2 vias fundo – fundo | AA5: =VLOOKUP(C5,'FTD07'!A:E,1,0) -> Inferior | AB5: =VLOOKUP(B5,'FTD07'!C:E,3,0) -> DN-40 | AC5: =VLOOKUP(B5,'FTD07'!C:G,5,0) -> GEMÜ | AD5: =VLOOKUP(B5,'FTD08'!C:E,1,0) -> Bloco 2 vias fundo – fundo | AE5: =VLOOKUP(C5,'FTD08'!A:E,1,0) -> Inferior | AF5: =VLOOKUP(B5,'FTD08'!C:E,3,0) -> DN-40 | AG5: =VLOOKUP(B5,'FTD08'!C:G,5,0) -> GEMÜ | AH5: =VLOOKUP(B5,'FTD09'!C:E,1,0) -> Bloco 2 vias fundo – fundo | AI5: =VLOOKUP(C5,'FTD09'!A:E,1,0) -> Inferior | AJ5: =VLOOKUP(B5,'FTD09'!C:E,3,0) -> DN-40 | AK5: =VLOOKUP(B5,'FTD09'!C:G,5,0) -> GEMÜ | AL5: =VLOOKUP(B5,'FTD10'!C:E,1,0) -> Bloco 2 vias fundo – fundo | AM5: =VLOOKUP(C5,'FTD10'!A:E,1,0) -> Inferior | AN5: =VLOOKUP(B5,'FTD10'!C:E,3,0) -> DN-40 | AO5: =VLOOKUP(B5,'FTD10'!C:G,5,0) -> GEMÜ | AP5: =VLOOKUP(B5,'FTD11'!C:E,1,0) -> Bloco 2 vias fundo – fundo | AQ5: =VLOOKUP(C5,'FTD11'!A:E,1,0) -> Inferior | AR5: =VLOOKUP(B5,'FTD11'!C:E,3,0) -> DN-40 | AS5: =VLOOKUP(B5,'FTD11'!C:G,5,0) -> GEMÜ | AT5: =VLOOKUP(B5,'FTD12'!C:E,1,0) -> Bloco 2 vias fundo – fundo | AU5: =VLOOKUP(C5,'FTD12'!A:E,1,0) -> Inferior | AV5: =VLOOKUP(B5,'FTD12'!C:E,3,0) -> DN-40 | AW5: =VLOOKUP(B5,'FTD12'!C:G,5,0) -> GEMÜ | AX5: =COUNTIF(E5:AU5,AU5) -> 11 | AY5: =COUNTIF(F5:AV5,AV5) -> 11 | BA5: Bloco válv. 3 vias coletor de amostra Dreno vapor | BB5: Inferior | BC5: DN-15 | BD5: ZDL | BE5: =VLOOKUP(BA5,'PGD02'!C:E,1,0) -> Bloco válv. 3 vias coletor de amostra Dreno vapor | BG5: =VLOOKUP(BA5,'PGD02'!C:E,3,0) -> DN-15 | BH5: =VLOOKUP(BA5,'PGD02'!C:G,5,0) -> ZDL | BI5: =VLOOKUP(BA5,'PGD03'!C:E,1,0) -> Bloco válv. 3 vias coletor de amostra Dreno vapor | BK5: =VLOOKUP(BA5,'PGD03'!C:E,3,0) -> DN-15 | BL5: =VLOOKUP(BA5,'PGD03'!C:G,5,0) -> ZDL | BM5: =VLOOKUP(BA5,'PGD03'!C:E,1,0) -> Bloco válv. 3 vias coletor de amostra Dreno vapor | BO5: =VLOOKUP(BA5,'PGD04'!C:E,3,0) -> DN-15 | BP5: =VLOOKUP(BA5,'PGD04'!C:G,5,0) -> ZDL | BQ5: =VLOOKUP(BA5,'PGD05'!C:E,1,0) -> Bloco válv. 3 vias coletor de amostra Dreno vapor | BS5: =VLOOKUP(BA5,'PGD05'!C:E,3,0) -> DN-15 | BT5: =VLOOKUP(BA5,'PGD05'!C:G,5,0) -> ZDL | BU5: =VLOOKUP(BA5,'PGD06'!C:E,1,0) -> Bloco válv. 3 vias coletor de amostra Dreno vapor | BW5: =VLOOKUP(BA5,'PGD06'!C:E,3,0) -> DN-15 | BX5: =VLOOKUP(BA5,'PGD06'!C:G,5,0) -> ZDL | BY5: =VLOOKUP(BA5,'PGD07'!C:E,1,0) -> Bloco válv. 3 vias coletor de amostra Dreno vapor | CA5: =VLOOKUP(BA5,'PGD07'!C:E,3,0) -> DN-15 | CB5: =VLOOKUP(BA5,'PGD07'!C:G,5,0) -> ZDL | CC5: =VLOOKUP(BA5,'PGD08'!C:E,1,0) -> Bloco válv. 3 vias coletor de amostra Dreno vapor | CE5: =VLOOKUP(BA5,'PGD08'!C:E,3,0) -> DN-15 | CF5: =VLOOKUP(BA5,'PGD08'!C:G,5,0) -> ZDL | CG5: =VLOOKUP(BA5,'PGD09'!C:E,1,0) -> Bloco válv. 3 vias coletor de amostra Dreno vapor | CI5: =VLOOKUP(BA5,'PGD09'!C:E,3,0) -> DN-15 | CJ5: =VLOOKUP(BA5,'PGD09'!C:G,5,0) -> ZDL | CK5: =VLOOKUP(BA5,'PGD10'!C:E,1,0) -> Bloco válv. 3 vias coletor de amostra Dreno vapor | CM5: =VLOOKUP(BA5,'PGD10'!C:E,3,0) -> DN-15 | CN5: =VLOOKUP(BA5,'PGD10'!C:G,5,0) -> ZDL | CO5: =VLOOKUP(BA5,'PGD11'!C:E,1,0) -> Bloco válv. 3 vias coletor de amostra Dreno vapor | CQ5: =VLOOKUP(BA5,'PGD11'!C:E,3,0) -> DN-15 | CR5: =VLOOKUP(BA5,'PGD11'!C:G,5,0) -> ZDL | CS5: =VLOOKUP(BA5,'PGD12'!C:E,1,0) -> Bloco válv. 3 vias coletor de amostra Dreno vapor | CU5: =VLOOKUP(BA5,'PGD12'!C:E,3,0) -> DN-15 | CV5: =VLOOKUP(BA5,'PGD12'!C:G,5,0) -> ZDL | CW5: =COUNTIF(BE5:CU5,CU5) -> 11 | CY5: Bloco válv. 3 vias coletor de amostra Entrada vapor | CZ5: DN-15 | DA5: ZDL | DB5: =VLOOKUP(CY5,'BLD03'!C:E,1,0) -> Bloco válv. 3 vias coletor de amostra Entrada vapor | DC5: =VLOOKUP(CY5,'BLD03'!C:E,3,0) -> DN-15 | DD5: =VLOOKUP(CY5,'BLD02'!C:G,5,0) -> ZDL | DE5: =COUNTIF(CY5:DC5,DC5) -> 2
B6: Bloco 2 vias fundo – vapor | C6: Inferior | D6: DN-8 | E6: ZDL | F6: =VLOOKUP(B6,'FTD02'!C:E,1,0) -> Bloco 2 vias fundo – vapor | G6: =VLOOKUP(C6,'FTD02'!A:E,1,0) -> Inferior | H6: =VLOOKUP(B6,'FTD02'!C:E,3,0) -> DN-8 | I6: =VLOOKUP(B6,'FTD02'!C:G,5,0) -> ZDL | J6: =VLOOKUP(B6,'FTD03'!C:E,1,0) -> Bloco 2 vias fundo – vapor | K6: =VLOOKUP(C6,'FTD03'!A:E,1,0) -> Inferior | L6: =VLOOKUP(B6,'FTD03'!C:E,3,0) -> DN-8 | M6: =VLOOKUP(B6,'FTD03'!C:G,5,0) -> ZDL | N6: =VLOOKUP(B6,'FTD04'!C:E,1,0) -> Bloco 2 vias fundo – vapor | O6: =VLOOKUP(C6,'FTD04'!A:E,1,0) -> Inferior | P6: =VLOOKUP(B6,'FTD04'!C:E,3,0) -> DN-8 | Q6: =VLOOKUP(B6,'FTD04'!C:G,5,0) -> ZDL | R6: =VLOOKUP(B6,'FTD05'!C:E,1,0) -> Bloco 2 vias fundo – vapor | S6: =VLOOKUP(C6,'FTD05'!A:E,1,0) -> Inferior | T6: =VLOOKUP(B6,'FTD05'!C:E,3,0) -> DN-8 | U6: =VLOOKUP(B6,'FTD05'!C:G,5,0) -> ZDL | V6: =VLOOKUP(B6,'FTD06'!C:E,1,0) -> Bloco 2 vias fundo – vapor | W6: =VLOOKUP(C6,'FTD06'!A:E,1,0) -> Inferior | X6: =VLOOKUP(B6,'FTD06'!C:E,3,0) -> DN-8 | Y6: =VLOOKUP(B6,'FTD06'!C:G,5,0) -> GEMÜ | Z6: =VLOOKUP(B6,'FTD07'!C:E,1,0) -> Bloco 2 vias fundo – vapor | AA6: =VLOOKUP(C6,'FTD07'!A:E,1,0) -> Inferior | AB6: =VLOOKUP(B6,'FTD07'!C:E,3,0) -> DN-8 | AC6: =VLOOKUP(B6,'FTD07'!C:G,5,0) -> ZDL | AD6: =VLOOKUP(B6,'FTD08'!C:E,1,0) -> Bloco 2 vias fundo – vapor | AE6: =VLOOKUP(C6,'FTD08'!A:E,1,0) -> Inferior | AF6: =VLOOKUP(B6,'FTD08'!C:E,3,0) -> DN-8 | AG6: =VLOOKUP(B6,'FTD08'!C:G,5,0) -> ZDL | AH6: =VLOOKUP(B6,'FTD09'!C:E,1,0) -> Bloco 2 vias fundo – vapor | AI6: =VLOOKUP(C6,'FTD09'!A:E,1,0) -> Inferior | AJ6: =VLOOKUP(B6,'FTD09'!C:E,3,0) -> DN-8 | AK6: =VLOOKUP(B6,'FTD09'!C:G,5,0) -> ZDL | AL6: =VLOOKUP(B6,'FTD10'!C:E,1,0) -> Bloco 2 vias fundo – vapor | AM6: =VLOOKUP(C6,'FTD10'!A:E,1,0) -> Inferior | AN6: =VLOOKUP(B6,'FTD10'!C:E,3,0) -> DN-8 | AO6: =VLOOKUP(B6,'FTD10'!C:G,5,0) -> ZDL | AP6: =VLOOKUP(B6,'FTD11'!C:E,1,0) -> Bloco 2 vias fundo – vapor | AQ6: =VLOOKUP(C6,'FTD11'!A:E,1,0) -> Inferior | AR6: =VLOOKUP(B6,'FTD11'!C:E,3,0) -> DN-8 | AS6: =VLOOKUP(B6,'FTD11'!C:G,5,0) -> ZDL | AT6: =VLOOKUP(B6,'FTD12'!C:E,1,0) -> Bloco 2 vias fundo – vapor | AU6: =VLOOKUP(C6,'FTD12'!A:E,1,0) -> Inferior | AV6: =VLOOKUP(B6,'FTD12'!C:E,3,0) -> DN-8 | AW6: =VLOOKUP(B6,'FTD12'!C:G,5,0) -> ZDL | AX6: =COUNTIF(E6:AU6,AU6) -> 11 | AY6: =COUNTIF(F6:AV6,AV6) -> 11 | BA6: Bloco válv. 3 vias coletor de amostra Entrada tanque | BB6: Inferior | BC6: DN-15 | BD6: ZDL | BE6: =VLOOKUP(BA6,'PGD02'!C:E,1,0) -> Bloco válv. 3 vias coletor de amostra Entrada tanque | BG6: =VLOOKUP(BA6,'PGD02'!C:E,3,0) -> DN-15 | BH6: =VLOOKUP(BA6,'PGD02'!C:G,5,0) -> ZDL | BI6: =VLOOKUP(BA6,'PGD03'!C:E,1,0) -> Bloco válv. 3 vias coletor de amostra Entrada tanque | BK6: =VLOOKUP(BA6,'PGD03'!C:E,3,0) -> DN-15 | BL6: =VLOOKUP(BA6,'PGD03'!C:G,5,0) -> ZDL | BM6: =VLOOKUP(BA6,'PGD03'!C:E,1,0) -> Bloco válv. 3 vias coletor de amostra Entrada tanque | BO6: =VLOOKUP(BA6,'PGD04'!C:E,3,0) -> DN-15 | BP6: =VLOOKUP(BA6,'PGD04'!C:G,5,0) -> ZDL | BQ6: =VLOOKUP(BA6,'PGD05'!C:E,1,0) -> Bloco válv. 3 vias coletor de amostra Entrada tanque | BS6: =VLOOKUP(BA6,'PGD05'!C:E,3,0) -> DN-15 | BT6: =VLOOKUP(BA6,'PGD05'!C:G,5,0) -> ZDL | BU6: =VLOOKUP(BA6,'PGD06'!C:E,1,0) -> Bloco válv. 3 vias coletor de amostra Entrada tanque | BW6: =VLOOKUP(BA6,'PGD06'!C:E,3,0) -> DN-15 | BX6: =VLOOKUP(BA6,'PGD06'!C:G,5,0) -> ZDL | BY6: =VLOOKUP(BA6,'PGD07'!C:E,1,0) -> Bloco válv. 3 vias coletor de amostra Entrada tanque | CA6: =VLOOKUP(BA6,'PGD07'!C:E,3,0) -> DN-15 | CB6: =VLOOKUP(BA6,'PGD07'!C:G,5,0) -> ZDL | CC6: =VLOOKUP(BA6,'PGD08'!C:E,1,0) -> Bloco válv. 3 vias coletor de amostra Entrada tanque | CE6: =VLOOKUP(BA6,'PGD08'!C:E,3,0) -> DN-15 | CF6: =VLOOKUP(BA6,'PGD08'!C:G,5,0) -> ZDL | CG6: =VLOOKUP(BA6,'PGD09'!C:E,1,0) -> Bloco válv. 3 vias coletor de amostra Entrada tanque | CI6: =VLOOKUP(BA6,'PGD09'!C:E,3,0) -> DN-15 | CJ6: =VLOOKUP(BA6,'PGD09'!C:G,5,0) -> ZDL | CK6: =VLOOKUP(BA6,'PGD10'!C:E,1,0) -> Bloco válv. 3 vias coletor de amostra Entrada tanque | CM6: =VLOOKUP(BA6,'PGD10'!C:E,3,0) -> DN-15 | CN6: =VLOOKUP(BA6,'PGD10'!C:G,5,0) -> ZDL | CO6: =VLOOKUP(BA6,'PGD11'!C:E,1,0) -> Bloco válv. 3 vias coletor de amostra Entrada tanque | CQ6: =VLOOKUP(BA6,'PGD11'!C:E,3,0) -> DN-15 | CR6: =VLOOKUP(BA6,'PGD11'!C:G,5,0) -> ZDL | CS6: =VLOOKUP(BA6,'PGD12'!C:E,1,0) -> Bloco válv. 3 vias coletor de amostra Entrada tanque | CU6: =VLOOKUP(BA6,'PGD12'!C:E,3,0) -> DN-15 | CV6: =VLOOKUP(BA6,'PGD12'!C:G,5,0) -> ZDL | CW6: =COUNTIF(BE6:CU6,CU6) -> 11 | CY6: Bloco válv. 3 vias coletor de amostra Dreno vapor | CZ6: DN-15 | DA6: ZDL | DB6: =VLOOKUP(CY6,'BLD03'!C:E,1,0) -> Bloco válv. 3 vias coletor de amostra Dreno vapor | DC6: =VLOOKUP(CY6,'BLD03'!C:E,3,0) -> DN-15 | DD6: =VLOOKUP(CY6,'BLD02'!C:G,5,0) -> ZDL | DE6: =COUNTIF(CY6:DC6,DC6) -> 2
B7: Bloco válv. 3 vias coletor de amostra Dreno vapor | C7: Inferior | D7: DN-15 | E7: ZDL | F7: =VLOOKUP(B7,'FTD02'!C:E,1,0) -> Bloco válv. 3 vias coletor de amostra Dreno vapor | G7: =VLOOKUP(C7,'FTD02'!A:E,1,0) -> Inferior | H7: =VLOOKUP(B7,'FTD02'!C:E,3,0) -> DN-15 | I7: =VLOOKUP(B7,'FTD02'!C:G,5,0) -> ZDL | J7: =VLOOKUP(B7,'FTD03'!C:E,1,0) -> Bloco válv. 3 vias coletor de amostra Dreno vapor | K7: =VLOOKUP(C7,'FTD03'!A:E,1,0) -> Inferior | L7: =VLOOKUP(B7,'FTD03'!C:E,3,0) -> DN-15 | M7: =VLOOKUP(B7,'FTD03'!C:G,5,0) -> ZDL | N7: =VLOOKUP(B7,'FTD04'!C:E,1,0) -> Bloco válv. 3 vias coletor de amostra Dreno vapor | O7: =VLOOKUP(C7,'FTD04'!A:E,1,0) -> Inferior | P7: =VLOOKUP(B7,'FTD04'!C:E,3,0) -> DN-15 | Q7: =VLOOKUP(B7,'FTD04'!C:G,5,0) -> ZDL | R7: =VLOOKUP(B7,'FTD05'!C:E,1,0) -> Bloco válv. 3 vias coletor de amostra Dreno vapor | S7: =VLOOKUP(C7,'FTD05'!A:E,1,0) -> Inferior | T7: =VLOOKUP(B7,'FTD05'!C:E,3,0) -> DN-15 | U7: =VLOOKUP(B7,'FTD05'!C:G,5,0) -> ZDL | V7: =VLOOKUP(B7,'FTD06'!C:E,1,0) -> Bloco válv. 3 vias coletor de amostra Dreno vapor | W7: =VLOOKUP(C7,'FTD06'!A:E,1,0) -> Inferior | X7: =VLOOKUP(B7,'FTD06'!C:E,3,0) -> DN-15 | Y7: =VLOOKUP(B7,'FTD06'!C:G,5,0) -> ZDL | Z7: =VLOOKUP(B7,'FTD07'!C:E,1,0) -> Bloco válv. 3 vias coletor de amostra Dreno vapor | AA7: =VLOOKUP(C7,'FTD07'!A:E,1,0) -> Inferior | AB7: =VLOOKUP(B7,'FTD07'!C:E,3,0) -> DN-15 | AC7: =VLOOKUP(B7,'FTD07'!C:G,5,0) -> ZDL | AD7: =VLOOKUP(B7,'FTD08'!C:E,1,0) -> Bloco válv. 3 vias coletor de amostra Dreno vapor | AE7: =VLOOKUP(C7,'FTD08'!A:E,1,0) -> Inferior | AF7: =VLOOKUP(B7,'FTD08'!C:E,3,0) -> DN-15 | AG7: =VLOOKUP(B7,'FTD08'!C:G,5,0) -> ZDL | AH7: =VLOOKUP(B7,'FTD09'!C:E,1,0) -> Bloco válv. 3 vias coletor de amostra Dreno vapor | AI7: =VLOOKUP(C7,'FTD09'!A:E,1,0) -> Inferior | AJ7: =VLOOKUP(B7,'FTD09'!C:E,3,0) -> DN-15 | AK7: =VLOOKUP(B7,'FTD09'!C:G,5,0) -> ZDL | AL7: =VLOOKUP(B7,'FTD10'!C:E,1,0) -> Bloco válv. 3 vias coletor de amostra Dreno vapor | AM7: =VLOOKUP(C7,'FTD10'!A:E,1,0) -> Inferior | AN7: =VLOOKUP(B7,'FTD10'!C:E,3,0) -> DN-15 | AO7: =VLOOKUP(B7,'FTD10'!C:G,5,0) -> ZDL | AP7: =VLOOKUP(B7,'FTD11'!C:E,1,0) -> Bloco válv. 3 vias coletor de amostra Dreno vapor | AQ7: =VLOOKUP(C7,'FTD11'!A:E,1,0) -> Inferior | AR7: =VLOOKUP(B7,'FTD11'!C:E,3,0) -> DN-15 | AS7: =VLOOKUP(B7,'FTD11'!C:G,5,0) -> ZDL | AT7: =VLOOKUP(B7,'FTD12'!C:E,1,0) -> Bloco válv. 3 vias coletor de amostra Dreno vapor | AU7: =VLOOKUP(C7,'FTD12'!A:E,1,0) -> Inferior | AV7: =VLOOKUP(B7,'FTD12'!C:E,3,0) -> DN-15 | AW7: =VLOOKUP(B7,'FTD12'!C:G,5,0) -> ZDL | AX7: =COUNTIF(E7:AU7,AU7) -> 11 | AY7: =COUNTIF(F7:AV7,AV7) -> 11 | BA7: Bloco válv. 3 vias coletor de amostra Entrada vapor | BB7: Inferior | BC7: DN-15 | BD7: ZDL | BE7: =VLOOKUP(BA7,'PGD02'!C:E,1,0) -> Bloco válv. 3 vias coletor de amostra Entrada vapor | BG7: =VLOOKUP(BA7,'PGD02'!C:E,3,0) -> DN-15 | BH7: =VLOOKUP(BA7,'PGD02'!C:G,5,0) -> ZDL | BI7: =VLOOKUP(BA7,'PGD03'!C:E,1,0) -> Bloco válv. 3 vias coletor de amostra Entrada vapor | BK7: =VLOOKUP(BA7,'PGD03'!C:E,3,0) -> DN-15 | BL7: =VLOOKUP(BA7,'PGD03'!C:G,5,0) -> ZDL | BM7: =VLOOKUP(BA7,'PGD03'!C:E,1,0) -> Bloco válv. 3 vias coletor de amostra Entrada vapor | BO7: =VLOOKUP(BA7,'PGD04'!C:E,3,0) -> DN-15 | BP7: =VLOOKUP(BA7,'PGD04'!C:G,5,0) -> ZDL | BQ7: =VLOOKUP(BA7,'PGD05'!C:E,1,0) -> Bloco válv. 3 vias coletor de amostra Entrada vapor | BS7: =VLOOKUP(BA7,'PGD05'!C:E,3,0) -> DN-15 | BT7: =VLOOKUP(BA7,'PGD05'!C:G,5,0) -> ZDL | BU7: =VLOOKUP(BA7,'PGD06'!C:E,1,0) -> Bloco válv. 3 vias coletor de amostra Entrada vapor | BW7: =VLOOKUP(BA7,'PGD06'!C:E,3,0) -> DN-15 | BX7: =VLOOKUP(BA7,'PGD06'!C:G,5,0) -> ZDL | BY7: =VLOOKUP(BA7,'PGD07'!C:E,1,0) -> Bloco válv. 3 vias coletor de amostra Entrada vapor | CA7: =VLOOKUP(BA7,'PGD07'!C:E,3,0) -> DN-15 | CB7: =VLOOKUP(BA7,'PGD07'!C:G,5,0) -> ZDL | CC7: =VLOOKUP(BA7,'PGD08'!C:E,1,0) -> Bloco válv. 3 vias coletor de amostra Entrada vapor | CE7: =VLOOKUP(BA7,'PGD08'!C:E,3,0) -> DN-15 | CF7: =VLOOKUP(BA7,'PGD08'!C:G,5,0) -> ZDL | CG7: =VLOOKUP(BA7,'PGD09'!C:E,1,0) -> Bloco válv. 3 vias coletor de amostra Entrada vapor | CI7: =VLOOKUP(BA7,'PGD09'!C:E,3,0) -> DN-15 | CJ7: =VLOOKUP(BA7,'PGD09'!C:G,5,0) -> ZDL | CK7: =VLOOKUP(BA7,'PGD10'!C:E,1,0) -> Bloco válv. 3 vias coletor de amostra Entrada vapor | CM7: =VLOOKUP(BA7,'PGD10'!C:E,3,0) -> DN-15 | CN7: =VLOOKUP(BA7,'PGD10'!C:G,5,0) -> ZDL | CO7: =VLOOKUP(BA7,'PGD11'!C:E,1,0) -> Bloco válv. 3 vias coletor de amostra Entrada vapor | CQ7: =VLOOKUP(BA7,'PGD11'!C:E,3,0) -> DN-15 | CR7: =VLOOKUP(BA7,'PGD11'!C:G,5,0) -> ZDL | CS7: =VLOOKUP(BA7,'PGD12'!C:E,1,0) -> Bloco válv. 3 vias coletor de amostra Entrada vapor | CU7: =VLOOKUP(BA7,'PGD12'!C:E,3,0) -> DN-15 | CV7: =VLOOKUP(BA7,'PGD12'!C:G,5,0) -> ZDL | CW7: =COUNTIF(BE7:CU7,CU7) -> 11 | CY7: Bloco 2 vias fundo - fundo | CZ7: DN-40 | DA7: GEMÜ | DB7: =VLOOKUP(CY7,'BLD03'!C:E,1,0) -> Bloco 2 vias fundo - fundo | DC7: =VLOOKUP(CY7,'BLD03'!C:E,3,0) -> DN-40 | DD7: =VLOOKUP(CY7,'BLD02'!C:G,5,0) -> GEMÜ | DE7: =COUNTIF(CY7:DC7,DC7) -> 2
B8: Bloco válv. 3 vias coletor de amostra Entrada tanque | C8: Inferior | D8: DN-15 | E8: ZDL | F8: =VLOOKUP(B8,'FTD02'!C:E,1,0) -> Bloco válv. 3 vias coletor de amostra Entrada tanque | G8: =VLOOKUP(C8,'FTD02'!A:E,1,0) -> Inferior | H8: =VLOOKUP(B8,'FTD02'!C:E,3,0) -> DN-15 | I8: =VLOOKUP(B8,'FTD02'!C:G,5,0) -> ZDL | J8: =VLOOKUP(B8,'FTD03'!C:E,1,0) -> Bloco válv. 3 vias coletor de amostra Entrada tanque | K8: =VLOOKUP(C8,'FTD03'!A:E,1,0) -> Inferior | L8: =VLOOKUP(B8,'FTD03'!C:E,3,0) -> DN-15 | M8: =VLOOKUP(B8,'FTD03'!C:G,5,0) -> ZDL | N8: =VLOOKUP(B8,'FTD04'!C:E,1,0) -> Bloco válv. 3 vias coletor de amostra Entrada tanque | O8: =VLOOKUP(C8,'FTD04'!A:E,1,0) -> Inferior | P8: =VLOOKUP(B8,'FTD04'!C:E,3,0) -> DN-15 | Q8: =VLOOKUP(B8,'FTD04'!C:G,5,0) -> ZDL | R8: =VLOOKUP(B8,'FTD05'!C:E,1,0) -> Bloco válv. 3 vias coletor de amostra Entrada tanque | S8: =VLOOKUP(C8,'FTD05'!A:E,1,0) -> Inferior | T8: =VLOOKUP(B8,'FTD05'!C:E,3,0) -> DN-15 | U8: =VLOOKUP(B8,'FTD05'!C:G,5,0) -> ZDL | V8: =VLOOKUP(B8,'FTD06'!C:E,1,0) -> Bloco válv. 3 vias coletor de amostra Entrada tanque | W8: =VLOOKUP(C8,'FTD06'!A:E,1,0) -> Inferior | X8: =VLOOKUP(B8,'FTD06'!C:E,3,0) -> DN-15 | Y8: =VLOOKUP(B8,'FTD06'!C:G,5,0) -> ZDL | Z8: =VLOOKUP(B8,'FTD07'!C:E,1,0) -> Bloco válv. 3 vias coletor de amostra Entrada tanque | AA8: =VLOOKUP(C8,'FTD07'!A:E,1,0) -> Inferior | AB8: =VLOOKUP(B8,'FTD07'!C:E,3,0) -> DN-15 | AC8: =VLOOKUP(B8,'FTD07'!C:G,5,0) -> ZDL | AD8: =VLOOKUP(B8,'FTD08'!C:E,1,0) -> Bloco válv. 3 vias coletor de amostra Entrada tanque | AE8: =VLOOKUP(C8,'FTD08'!A:E,1,0) -> Inferior | AF8: =VLOOKUP(B8,'FTD08'!C:E,3,0) -> DN-15 | AG8: =VLOOKUP(B8,'FTD08'!C:G,5,0) -> ZDL | AH8: =VLOOKUP(B8,'FTD09'!C:E,1,0) -> Bloco válv. 3 vias coletor de amostra Entrada tanque | AI8: =VLOOKUP(C8,'FTD09'!A:E,1,0) -> Inferior | AJ8: =VLOOKUP(B8,'FTD09'!C:E,3,0) -> DN-15 | AK8: =VLOOKUP(B8,'FTD09'!C:G,5,0) -> ZDL | AL8: =VLOOKUP(B8,'FTD10'!C:E,1,0) -> Bloco válv. 3 vias coletor de amostra Entrada tanque | AM8: =VLOOKUP(C8,'FTD10'!A:E,1,0) -> Inferior | AN8: =VLOOKUP(B8,'FTD10'!C:E,3,0) -> DN-15 | AO8: =VLOOKUP(B8,'FTD10'!C:G,5,0) -> ZDL | AP8: =VLOOKUP(B8,'FTD11'!C:E,1,0) -> Bloco válv. 3 vias coletor de amostra Entrada tanque | AQ8: =VLOOKUP(C8,'FTD11'!A:E,1,0) -> Inferior | AR8: =VLOOKUP(B8,'FTD11'!C:E,3,0) -> DN-15 | AS8: =VLOOKUP(B8,'FTD11'!C:G,5,0) -> ZDL | AT8: =VLOOKUP(B8,'FTD12'!C:E,1,0) -> Bloco válv. 3 vias coletor de amostra Entrada tanque | AU8: =VLOOKUP(C8,'FTD12'!A:E,1,0) -> Inferior | AV8: =VLOOKUP(B8,'FTD12'!C:E,3,0) -> DN-15 | AW8: =VLOOKUP(B8,'FTD12'!C:G,5,0) -> ZDL | AX8: =COUNTIF(E8:AU8,AU8) -> 11 | AY8: =COUNTIF(F8:AV8,AV8) -> 11 | BA8: CIP BV | BB8: Inferior | BC8: DN-40 | BD8: GEMÜ | BE8: =VLOOKUP(BA8,'PGD02'!C:E,1,0) -> CIP BV | BG8: =VLOOKUP(BA8,'PGD02'!C:E,3,0) -> DN-40 | BH8: =VLOOKUP(BA8,'PGD02'!C:G,5,0) -> GEMÜ | BI8: =VLOOKUP(BA8,'PGD03'!C:E,1,0) -> CIP BV | BK8: =VLOOKUP(BA8,'PGD03'!C:E,3,0) -> DN-40 | BL8: =VLOOKUP(BA8,'PGD03'!C:G,5,0) -> GEMÜ | BM8: =VLOOKUP(BA8,'PGD03'!C:E,1,0) -> CIP BV | BO8: =VLOOKUP(BA8,'PGD04'!C:E,3,0) -> DN-40 | BP8: =VLOOKUP(BA8,'PGD04'!C:G,5,0) -> GEMÜ | BQ8: =VLOOKUP(BA8,'PGD05'!C:E,1,0) -> CIP BV | BS8: =VLOOKUP(BA8,'PGD05'!C:E,3,0) -> DN-40 | BT8: =VLOOKUP(BA8,'PGD05'!C:G,5,0) -> GEMÜ | BU8: =VLOOKUP(BA8,'PGD06'!C:E,1,0) -> CIP BV | BW8: =VLOOKUP(BA8,'PGD06'!C:E,3,0) -> DN-40 | BX8: =VLOOKUP(BA8,'PGD06'!C:G,5,0) -> GEMÜ | BY8: =VLOOKUP(BA8,'PGD07'!C:E,1,0) -> CIP BV | CA8: =VLOOKUP(BA8,'PGD07'!C:E,3,0) -> DN-40 | CB8: =VLOOKUP(BA8,'PGD07'!C:G,5,0) -> GEMÜ | CC8: =VLOOKUP(BA8,'PGD08'!C:E,1,0) -> CIP BV | CE8: =VLOOKUP(BA8,'PGD08'!C:E,3,0) -> DN-40 | CF8: =VLOOKUP(BA8,'PGD08'!C:G,5,0) -> GEMÜ | CG8: =VLOOKUP(BA8,'PGD09'!C:E,1,0) -> CIP BV | CI8: =VLOOKUP(BA8,'PGD09'!C:E,3,0) -> DN-40 | CJ8: =VLOOKUP(BA8,'PGD09'!C:G,5,0) -> GEMÜ | CK8: =VLOOKUP(BA8,'PGD10'!C:E,1,0) -> CIP BV | CM8: =VLOOKUP(BA8,'PGD10'!C:E,3,0) -> DN-40 | CN8: =VLOOKUP(BA8,'PGD10'!C:G,5,0) -> GEMÜ | CO8: =VLOOKUP(BA8,'PGD11'!C:E,1,0) -> CIP BV | CQ8: =VLOOKUP(BA8,'PGD11'!C:E,3,0) -> DN-40 | CR8: =VLOOKUP(BA8,'PGD11'!C:G,5,0) -> GEMÜ | CS8: =VLOOKUP(BA8,'PGD12'!C:E,1,0) -> CIP BV | CU8: =VLOOKUP(BA8,'PGD12'!C:E,3,0) -> DN-40 | CV8: =VLOOKUP(BA8,'PGD12'!C:G,5,0) -> GEMÜ | CW8: =COUNTIF(BE8:CU8,CU8) -> 11 | CY8: Transferência BV | CZ8: DN-40 | DA8: GEMÜ | DB8: =VLOOKUP(CY8,'BLD03'!C:E,1,0) -> Transferência BV | DC8: =VLOOKUP(CY8,'BLD03'!C:E,3,0) -> DN-40 | DD8: =VLOOKUP(CY8,'BLD02'!C:G,5,0) -> GEMÜ | DE8: =COUNTIF(CY8:DC8,DC8) -> 2
B9: Bloco válv. 3 vias coletor de amostra Entrada vapor | C9: Inferior | D9: DN-15 | E9: ZDL | F9: =VLOOKUP(B9,'FTD02'!C:E,1,0) -> Bloco válv. 3 vias coletor de amostra Entrada vapor | G9: =VLOOKUP(C9,'FTD02'!A:E,1,0) -> Inferior | H9: =VLOOKUP(B9,'FTD02'!C:E,3,0) -> DN-15 | I9: =VLOOKUP(B9,'FTD02'!C:G,5,0) -> ZDL | J9: =VLOOKUP(B9,'FTD03'!C:E,1,0) -> Bloco válv. 3 vias coletor de amostra Entrada vapor | K9: =VLOOKUP(C9,'FTD03'!A:E,1,0) -> Inferior | L9: =VLOOKUP(B9,'FTD03'!C:E,3,0) -> DN-15 | M9: =VLOOKUP(B9,'FTD03'!C:G,5,0) -> ZDL | N9: =VLOOKUP(B9,'FTD04'!C:E,1,0) -> Bloco válv. 3 vias coletor de amostra Entrada vapor | O9: =VLOOKUP(C9,'FTD04'!A:E,1,0) -> Inferior | P9: =VLOOKUP(B9,'FTD04'!C:E,3,0) -> DN-15 | Q9: =VLOOKUP(B9,'FTD04'!C:G,5,0) -> ZDL | R9: =VLOOKUP(B9,'FTD05'!C:E,1,0) -> Bloco válv. 3 vias coletor de amostra Entrada vapor | S9: =VLOOKUP(C9,'FTD05'!A:E,1,0) -> Inferior | T9: =VLOOKUP(B9,'FTD05'!C:E,3,0) -> DN-15 | U9: =VLOOKUP(B9,'FTD05'!C:G,5,0) -> ZDL | V9: =VLOOKUP(B9,'FTD06'!C:E,1,0) -> Bloco válv. 3 vias coletor de amostra Entrada vapor | W9: =VLOOKUP(C9,'FTD06'!A:E,1,0) -> Inferior | X9: =VLOOKUP(B9,'FTD06'!C:E,3,0) -> DN-15 | Y9: =VLOOKUP(B9,'FTD06'!C:G,5,0) -> ZDL | Z9: =VLOOKUP(B9,'FTD07'!C:E,1,0) -> Bloco válv. 3 vias coletor de amostra Entrada vapor | AA9: =VLOOKUP(C9,'FTD07'!A:E,1,0) -> Inferior | AB9: =VLOOKUP(B9,'FTD07'!C:E,3,0) -> DN-15 | AC9: =VLOOKUP(B9,'FTD07'!C:G,5,0) -> ZDL | AD9: =VLOOKUP(B9,'FTD08'!C:E,1,0) -> Bloco válv. 3 vias coletor de amostra Entrada vapor | AE9: =VLOOKUP(C9,'FTD08'!A:E,1,0) -> Inferior | AF9: =VLOOKUP(B9,'FTD08'!C:E,3,0) -> DN-15 | AG9: =VLOOKUP(B9,'FTD08'!C:G,5,0) -> ZDL | AH9: =VLOOKUP(B9,'FTD09'!C:E,1,0) -> Bloco válv. 3 vias coletor de amostra Entrada vapor | AI9: =VLOOKUP(C9,'FTD09'!A:E,1,0) -> Inferior | AJ9: =VLOOKUP(B9,'FTD09'!C:E,3,0) -> DN-15 | AK9: =VLOOKUP(B9,'FTD09'!C:G,5,0) -> ZDL | AL9: =VLOOKUP(B9,'FTD10'!C:E,1,0) -> Bloco válv. 3 vias coletor de amostra Entrada vapor | AM9: =VLOOKUP(C9,'FTD10'!A:E,1,0) -> Inferior | AN9: =VLOOKUP(B9,'FTD10'!C:E,3,0) -> DN-15 | AO9: =VLOOKUP(B9,'FTD10'!C:G,5,0) -> ZDL | AP9: =VLOOKUP(B9,'FTD11'!C:E,1,0) -> Bloco válv. 3 vias coletor de amostra Entrada vapor | AQ9: =VLOOKUP(C9,'FTD11'!A:E,1,0) -> Inferior | AR9: =VLOOKUP(B9,'FTD11'!C:E,3,0) -> DN-15 | AS9: =VLOOKUP(B9,'FTD11'!C:G,5,0) -> ZDL | AT9: =VLOOKUP(B9,'FTD12'!C:E,1,0) -> Bloco válv. 3 vias coletor de amostra Entrada vapor | AU9: =VLOOKUP(C9,'FTD12'!A:E,1,0) -> Inferior | AV9: =VLOOKUP(B9,'FTD12'!C:E,3,0) -> DN-15 | AW9: =VLOOKUP(B9,'FTD12'!C:G,5,0) -> ZDL | AX9: =COUNTIF(E9:AU9,AU9) -> 11 | AY9: =COUNTIF(F9:AV9,AV9) -> 11 | BA9: Descarte BV | BB9: Inferior | BC9: DN-40 | BD9: GEMÜ | BE9: =VLOOKUP(BA9,'PGD02'!C:E,1,0) -> Descarte BV | BG9: =VLOOKUP(BA9,'PGD02'!C:E,3,0) -> DN-40 | BH9: =VLOOKUP(BA9,'PGD02'!C:G,5,0) -> GEMÜ | BI9: =VLOOKUP(BA9,'PGD03'!C:E,1,0) -> Descarte BV | BK9: =VLOOKUP(BA9,'PGD03'!C:E,3,0) -> DN-40 | BL9: =VLOOKUP(BA9,'PGD03'!C:G,5,0) -> GEMÜ | BM9: =VLOOKUP(BA9,'PGD03'!C:E,1,0) -> Descarte BV | BO9: =VLOOKUP(BA9,'PGD04'!C:E,3,0) -> DN-40 | BP9: =VLOOKUP(BA9,'PGD04'!C:G,5,0) -> GEMÜ | BQ9: =VLOOKUP(BA9,'PGD05'!C:E,1,0) -> Descarte BV | BS9: =VLOOKUP(BA9,'PGD05'!C:E,3,0) -> DN-40 | BT9: =VLOOKUP(BA9,'PGD05'!C:G,5,0) -> GEMÜ | BU9: =VLOOKUP(BA9,'PGD06'!C:E,1,0) -> Descarte BV | BW9: =VLOOKUP(BA9,'PGD06'!C:E,3,0) -> DN-40 | BX9: =VLOOKUP(BA9,'PGD06'!C:G,5,0) -> GEMÜ | BY9: =VLOOKUP(BA9,'PGD07'!C:E,1,0) -> Descarte BV | CA9: =VLOOKUP(BA9,'PGD07'!C:E,3,0) -> DN-40 | CB9: =VLOOKUP(BA9,'PGD07'!C:G,5,0) -> GEMÜ | CC9: =VLOOKUP(BA9,'PGD08'!C:E,1,0) -> Descarte BV | CE9: =VLOOKUP(BA9,'PGD08'!C:E,3,0) -> DN-40 | CF9: =VLOOKUP(BA9,'PGD08'!C:G,5,0) -> GEMÜ | CG9: =VLOOKUP(BA9,'PGD09'!C:E,1,0) -> Descarte BV | CI9: =VLOOKUP(BA9,'PGD09'!C:E,3,0) -> DN-40 | CJ9: =VLOOKUP(BA9,'PGD09'!C:G,5,0) -> GEMÜ | CK9: =VLOOKUP(BA9,'PGD10'!C:E,1,0) -> Descarte BV | CM9: =VLOOKUP(BA9,'PGD10'!C:E,3,0) -> DN-40 | CN9: =VLOOKUP(BA9,'PGD10'!C:G,5,0) -> GEMÜ | CO9: =VLOOKUP(BA9,'PGD11'!C:E,1,0) -> Descarte BV | CQ9: =VLOOKUP(BA9,'PGD11'!C:E,3,0) -> DN-40 | CR9: =VLOOKUP(BA9,'PGD11'!C:G,5,0) -> GEMÜ | CS9: =VLOOKUP(BA9,'PGD12'!C:E,1,0) -> Descarte BV | CU9: =VLOOKUP(BA9,'PGD12'!C:E,3,0) -> DN-40 | CV9: =VLOOKUP(BA9,'PGD12'!C:G,5,0) -> GEMÜ | CW9: =COUNTIF(BE9:CU9,CU9) -> 11 | CY9: CIP BV | CZ9: DN-40 | DA9: GEMÜ | DB9: =VLOOKUP(CY9,'BLD03'!C:E,1,0) -> CIP BV | DC9: =VLOOKUP(CY9,'BLD03'!C:E,3,0) -> DN-40 | DD9: =VLOOKUP(CY9,'BLD02'!C:G,5,0) -> GEMÜ | DE9: =COUNTIF(CY9:DC9,DC9) -> 2
B10: CIP BV fundo | C10: Inferior | D10: DN-40 | E10: GEMÜ | F10: =VLOOKUP(B10,'FTD02'!C:E,1,0) -> CIP BV fundo | G10: =VLOOKUP(C10,'FTD02'!A:E,1,0) -> Inferior | H10: =VLOOKUP(B10,'FTD02'!C:E,3,0) -> DN-40 | I10: =VLOOKUP(B10,'FTD02'!C:G,5,0) -> GEMÜ | J10: =VLOOKUP(B10,'FTD03'!C:E,1,0) -> CIP BV fundo | K10: =VLOOKUP(C10,'FTD03'!A:E,1,0) -> Inferior | L10: =VLOOKUP(B10,'FTD03'!C:E,3,0) -> DN-40 | M10: =VLOOKUP(B10,'FTD03'!C:G,5,0) -> GEMÜ | N10: =VLOOKUP(B10,'FTD04'!C:E,1,0) -> CIP BV fundo | O10: =VLOOKUP(C10,'FTD04'!A:E,1,0) -> Inferior | P10: =VLOOKUP(B10,'FTD04'!C:E,3,0) -> DN-40 | Q10: =VLOOKUP(B10,'FTD04'!C:G,5,0) -> GEMÜ | R10: =VLOOKUP(B10,'FTD05'!C:E,1,0) -> CIP BV fundo | S10: =VLOOKUP(C10,'FTD05'!A:E,1,0) -> Inferior | T10: =VLOOKUP(B10,'FTD05'!C:E,3,0) -> DN-40 | U10: =VLOOKUP(B10,'FTD05'!C:G,5,0) -> GEMÜ | V10: =VLOOKUP(B10,'FTD06'!C:E,1,0) -> CIP BV fundo | W10: =VLOOKUP(C10,'FTD06'!A:E,1,0) -> Inferior | X10: =VLOOKUP(B10,'FTD06'!C:E,3,0) -> DN-40 | Y10: =VLOOKUP(B10,'FTD06'!C:G,5,0) -> GEMÜ | Z10: =VLOOKUP(B10,'FTD07'!C:E,1,0) -> CIP BV fundo | AA10: =VLOOKUP(C10,'FTD07'!A:E,1,0) -> Inferior | AB10: =VLOOKUP(B10,'FTD07'!C:E,3,0) -> DN-40 | AC10: =VLOOKUP(B10,'FTD07'!C:G,5,0) -> GEMÜ | AD10: =VLOOKUP(B10,'FTD08'!C:E,1,0) -> CIP BV fundo | AE10: =VLOOKUP(C10,'FTD08'!A:E,1,0) -> Inferior | AF10: =VLOOKUP(B10,'FTD08'!C:E,3,0) -> DN-40 | AG10: =VLOOKUP(B10,'FTD08'!C:G,5,0) -> GEMÜ | AH10: =VLOOKUP(B10,'FTD09'!C:E,1,0) -> CIP BV fundo | AI10: =VLOOKUP(C10,'FTD09'!A:E,1,0) -> Inferior | AJ10: =VLOOKUP(B10,'FTD09'!C:E,3,0) -> DN-40 | AK10: =VLOOKUP(B10,'FTD09'!C:G,5,0) -> GEMÜ | AL10: =VLOOKUP(B10,'FTD10'!C:E,1,0) -> CIP BV fundo | AM10: =VLOOKUP(C10,'FTD10'!A:E,1,0) -> Inferior | AN10: =VLOOKUP(B10,'FTD10'!C:E,3,0) -> DN-40 | AO10: =VLOOKUP(B10,'FTD10'!C:G,5,0) -> GEMÜ | AP10: =VLOOKUP(B10,'FTD11'!C:E,1,0) -> CIP BV fundo | AQ10: =VLOOKUP(C10,'FTD11'!A:E,1,0) -> Inferior | AR10: =VLOOKUP(B10,'FTD11'!C:E,3,0) -> DN-40 | AS10: =VLOOKUP(B10,'FTD11'!C:G,5,0) -> GEMÜ | AT10: =VLOOKUP(B10,'FTD12'!C:E,1,0) -> CIP BV fundo | AU10: =VLOOKUP(C10,'FTD12'!A:E,1,0) -> Inferior | AV10: =VLOOKUP(B10,'FTD12'!C:E,3,0) -> DN-40 | AW10: =VLOOKUP(B10,'FTD12'!C:G,5,0) -> GEMÜ | AX10: =COUNTIF(E10:AU10,AU10) -> 11 | AY10: =COUNTIF(F10:AV10,AV10) -> 11 | BA10: Bloqueio entrada de ar pré filtro absoluto | BB10: Superior | BC10: DN-40 | BD10: GEMÜ | BE10: =VLOOKUP(BA10,'PGD02'!C:E,1,0) -> Bloqueio entrada de ar pré filtro absoluto | BG10: =VLOOKUP(BA10,'PGD02'!C:E,3,0) -> DN-40 | BH10: =VLOOKUP(BA10,'PGD02'!C:G,5,0) -> GEMÜ | BI10: =VLOOKUP(BA10,'PGD03'!C:E,1,0) -> Bloqueio entrada de ar pré filtro absoluto | BK10: =VLOOKUP(BA10,'PGD03'!C:E,3,0) -> DN-40 | BL10: =VLOOKUP(BA10,'PGD03'!C:G,5,0) -> GEMÜ | BM10: =VLOOKUP(BA10,'PGD03'!C:E,1,0) -> Bloqueio entrada de ar pré filtro absoluto | BO10: =VLOOKUP(BA10,'PGD04'!C:E,3,0) -> DN-40 | BP10: =VLOOKUP(BA10,'PGD04'!C:G,5,0) -> GEMÜ | BQ10: =VLOOKUP(BA10,'PGD05'!C:E,1,0) -> Bloqueio entrada de ar pré filtro absoluto | BS10: =VLOOKUP(BA10,'PGD05'!C:E,3,0) -> DN-40 | BT10: =VLOOKUP(BA10,'PGD05'!C:G,5,0) -> GEMÜ | BU10: =VLOOKUP(BA10,'PGD06'!C:E,1,0) -> Bloqueio entrada de ar pré filtro absoluto | BW10: =VLOOKUP(BA10,'PGD06'!C:E,3,0) -> DN-40 | BX10: =VLOOKUP(BA10,'PGD06'!C:G,5,0) -> GEMÜ | BY10: =VLOOKUP(BA10,'PGD07'!C:E,1,0) -> Bloqueio entrada de ar pré filtro absoluto | CA10: =VLOOKUP(BA10,'PGD07'!C:E,3,0) -> DN-40 | CB10: =VLOOKUP(BA10,'PGD07'!C:G,5,0) -> GEMÜ | CC10: =VLOOKUP(BA10,'PGD08'!C:E,1,0) -> Bloqueio entrada de ar pré filtro absoluto | CE10: =VLOOKUP(BA10,'PGD08'!C:E,3,0) -> DN-40 | CF10: =VLOOKUP(BA10,'PGD08'!C:G,5,0) -> GEMÜ | CG10: =VLOOKUP(BA10,'PGD09'!C:E,1,0) -> Bloqueio entrada de ar pré filtro absoluto | CI10: =VLOOKUP(BA10,'PGD09'!C:E,3,0) -> DN-40 | CJ10: =VLOOKUP(BA10,'PGD09'!C:G,5,0) -> GEMÜ | CK10: =VLOOKUP(BA10,'PGD10'!C:E,1,0) -> Bloqueio entrada de ar pré filtro absoluto | CM10: =VLOOKUP(BA10,'PGD10'!C:E,3,0) -> DN-40 | CN10: =VLOOKUP(BA10,'PGD10'!C:G,5,0) -> GEMÜ | CO10: =VLOOKUP(BA10,'PGD11'!C:E,1,0) -> Bloqueio entrada de ar pré filtro absoluto | CQ10: =VLOOKUP(BA10,'PGD11'!C:E,3,0) -> DN-40 | CR10: =VLOOKUP(BA10,'PGD11'!C:G,5,0) -> GEMÜ | CS10: =VLOOKUP(BA10,'PGD12'!C:E,1,0) -> Bloqueio entrada de ar pré filtro absoluto | CU10: =VLOOKUP(BA10,'PGD12'!C:E,3,0) -> DN-40 | CV10: =VLOOKUP(BA10,'PGD12'!C:G,5,0) -> GEMÜ | CW10: =COUNTIF(BE10:CU10,CU10) -> 11 | CY10: Descarte BV | CZ10: DN-40 | DA10: GEMÜ | DB10: =VLOOKUP(CY10,'BLD03'!C:E,1,0) -> Descarte BV | DC10: =VLOOKUP(CY10,'BLD03'!C:E,3,0) -> DN-40 | DD10: =VLOOKUP(CY10,'BLD02'!C:G,5,0) -> GEMÜ | DE10: =COUNTIF(CY10:DC10,DC10) -> 2
B11: Descarte BV fundo | C11: Inferior | D11: DN-40 | E11: GEMÜ | F11: =VLOOKUP(B11,'FTD02'!C:E,1,0) -> Descarte BV fundo | G11: =VLOOKUP(C11,'FTD02'!A:E,1,0) -> Inferior | H11: =VLOOKUP(B11,'FTD02'!C:E,3,0) -> DN-40 | I11: =VLOOKUP(B11,'FTD02'!C:G,5,0) -> GEMÜ | J11: =VLOOKUP(B11,'FTD03'!C:E,1,0) -> Descarte BV fundo | K11: =VLOOKUP(C11,'FTD03'!A:E,1,0) -> Inferior | L11: =VLOOKUP(B11,'FTD03'!C:E,3,0) -> DN-40 | M11: =VLOOKUP(B11,'FTD03'!C:G,5,0) -> GEMÜ | N11: =VLOOKUP(B11,'FTD04'!C:E,1,0) -> Descarte BV fundo | O11: =VLOOKUP(C11,'FTD04'!A:E,1,0) -> Inferior | P11: =VLOOKUP(B11,'FTD04'!C:E,3,0) -> DN-40 | Q11: =VLOOKUP(B11,'FTD04'!C:G,5,0) -> GEMÜ | R11: =VLOOKUP(B11,'FTD05'!C:E,1,0) -> Descarte BV fundo | S11: =VLOOKUP(C11,'FTD05'!A:E,1,0) -> Inferior | T11: =VLOOKUP(B11,'FTD05'!C:E,3,0) -> DN-40 | U11: =VLOOKUP(B11,'FTD05'!C:G,5,0) -> GEMÜ | V11: =VLOOKUP(B11,'FTD06'!C:E,1,0) -> Descarte BV fundo | W11: =VLOOKUP(C11,'FTD06'!A:E,1,0) -> Inferior | X11: =VLOOKUP(B11,'FTD06'!C:E,3,0) -> DN-40 | Y11: =VLOOKUP(B11,'FTD06'!C:G,5,0) -> GEMÜ | Z11: =VLOOKUP(B11,'FTD07'!C:E,1,0) -> Descarte BV fundo | AA11: =VLOOKUP(C11,'FTD07'!A:E,1,0) -> Inferior | AB11: =VLOOKUP(B11,'FTD07'!C:E,3,0) -> DN-40 | AC11: =VLOOKUP(B11,'FTD07'!C:G,5,0) -> GEMÜ | AD11: =VLOOKUP(B11,'FTD08'!C:E,1,0) -> Descarte BV fundo | AE11: =VLOOKUP(C11,'FTD08'!A:E,1,0) -> Inferior | AF11: =VLOOKUP(B11,'FTD08'!C:E,3,0) -> DN-40 | AG11: =VLOOKUP(B11,'FTD08'!C:G,5,0) -> GEMÜ | AH11: =VLOOKUP(B11,'FTD09'!C:E,1,0) -> Descarte BV fundo | AI11: =VLOOKUP(C11,'FTD09'!A:E,1,0) -> Inferior | AJ11: =VLOOKUP(B11,'FTD09'!C:E,3,0) -> DN-40 | AK11: =VLOOKUP(B11,'FTD09'!C:G,5,0) -> GEMÜ | AL11: =VLOOKUP(B11,'FTD10'!C:E,1,0) -> Descarte BV fundo | AM11: =VLOOKUP(C11,'FTD10'!A:E,1,0) -> Inferior | AN11: =VLOOKUP(B11,'FTD10'!C:E,3,0) -> DN-40 | AO11: =VLOOKUP(B11,'FTD10'!C:G,5,0) -> GEMÜ | AP11: =VLOOKUP(B11,'FTD11'!C:E,1,0) -> Descarte BV fundo | AQ11: =VLOOKUP(C11,'FTD11'!A:E,1,0) -> Inferior | AR11: =VLOOKUP(B11,'FTD11'!C:E,3,0) -> DN-40 | AS11: =VLOOKUP(B11,'FTD11'!C:G,5,0) -> GEMÜ | AT11: =VLOOKUP(B11,'FTD12'!C:E,1,0) -> Descarte BV fundo | AU11: =VLOOKUP(C11,'FTD12'!A:E,1,0) -> Inferior | AV11: =VLOOKUP(B11,'FTD12'!C:E,3,0) -> DN-40 | AW11: =VLOOKUP(B11,'FTD12'!C:G,5,0) -> GEMÜ | AX11: =COUNTIF(E11:AU11,AU11) -> 11 | AY11: =COUNTIF(F11:AV11,AV11) -> 11 | BA11: Válvula injetora de vapor | BB11: Inferior | BC11: DN-40 | BD11: GEMÜ | BE11: =VLOOKUP(BA11,'PGD02'!C:E,1,0) -> Válvula injetora de vapor | BG11: =VLOOKUP(BA11,'PGD02'!C:E,3,0) -> DN-40 | BH11: =VLOOKUP(BA11,'PGD02'!C:G,5,0) -> GEMÜ | BI11: =VLOOKUP(BA11,'PGD03'!C:E,1,0) -> Válvula injetora de vapor | BK11: =VLOOKUP(BA11,'PGD03'!C:E,3,0) -> DN-40 | BL11: =VLOOKUP(BA11,'PGD03'!C:G,5,0) -> GEMÜ | BM11: =VLOOKUP(BA11,'PGD03'!C:E,1,0) -> Válvula injetora de vapor | BO11: =VLOOKUP(BA11,'PGD04'!C:E,3,0) -> DN-40 | BP11: =VLOOKUP(BA11,'PGD04'!C:G,5,0) -> GEMÜ | BQ11: =VLOOKUP(BA11,'PGD05'!C:E,1,0) -> Válvula injetora de vapor | BS11: =VLOOKUP(BA11,'PGD05'!C:E,3,0) -> DN-40 | BT11: =VLOOKUP(BA11,'PGD05'!C:G,5,0) -> GEMÜ | BU11: =VLOOKUP(BA11,'PGD06'!C:E,1,0) -> Válvula injetora de vapor | BW11: =VLOOKUP(BA11,'PGD06'!C:E,3,0) -> DN-40 | BX11: =VLOOKUP(BA11,'PGD06'!C:G,5,0) -> GEMÜ | BY11: =VLOOKUP(BA11,'PGD07'!C:E,1,0) -> Válvula injetora de vapor | CA11: =VLOOKUP(BA11,'PGD07'!C:E,3,0) -> DN-40 | CB11: =VLOOKUP(BA11,'PGD07'!C:G,5,0) -> GEMÜ | CC11: =VLOOKUP(BA11,'PGD08'!C:E,1,0) -> Válvula injetora de vapor | CE11: =VLOOKUP(BA11,'PGD08'!C:E,3,0) -> DN-40 | CF11: =VLOOKUP(BA11,'PGD08'!C:G,5,0) -> GEMÜ | CG11: =VLOOKUP(BA11,'PGD09'!C:E,1,0) -> Válvula injetora de vapor | CI11: =VLOOKUP(BA11,'PGD09'!C:E,3,0) -> DN-40 | CJ11: =VLOOKUP(BA11,'PGD09'!C:G,5,0) -> GEMÜ | CK11: =VLOOKUP(BA11,'PGD10'!C:E,1,0) -> Válvula injetora de vapor | CM11: =VLOOKUP(BA11,'PGD10'!C:E,3,0) -> DN-40 | CN11: =VLOOKUP(BA11,'PGD10'!C:G,5,0) -> GEMÜ | CO11: =VLOOKUP(BA11,'PGD11'!C:E,1,0) -> Válvula injetora de vapor | CQ11: =VLOOKUP(BA11,'PGD11'!C:E,3,0) -> DN-40 | CR11: =VLOOKUP(BA11,'PGD11'!C:G,5,0) -> GEMÜ | CS11: =VLOOKUP(BA11,'PGD12'!C:E,1,0) -> Válvula injetora de vapor | CU11: =VLOOKUP(BA11,'PGD12'!C:E,3,0) -> DN-40 | CV11: =VLOOKUP(BA11,'PGD12'!C:G,5,0) -> GEMÜ | CW11: =COUNTIF(BE11:CU11,CU11) -> 11 | CY11: Bloco 2 vias fundo - vapor | CZ11: DN-8 | DA11: ZDL | DB11: =VLOOKUP(CY11,'BLD03'!C:E,1,0) -> bloco 2 vias fundo - vapor | DC11: =VLOOKUP(CY11,'BLD03'!C:E,3,0) -> DN-8 | DD11: =VLOOKUP(CY11,'BLD02'!C:G,5,0) -> ZDL | DE11: =COUNTIF(CY11:DC11,DC11) -> 2
B12: Entrada de ar no tanque pós filtro absoluto | C12: Inferior | D12: DN-80 | E12: GEMÜ | F12: =VLOOKUP(B12,'FTD02'!C:E,1,0) -> Entrada de ar no tanque pós filtro absoluto | G12: =VLOOKUP(C12,'FTD02'!A:E,1,0) -> Inferior | H12: =VLOOKUP(B12,'FTD02'!C:E,3,0) -> DN-80 | I12: =VLOOKUP(B12,'FTD02'!C:G,5,0) -> GEMÜ | J12: =VLOOKUP(B12,'FTD03'!C:E,1,0) -> Entrada de ar no tanque pós filtro absoluto | K12: =VLOOKUP(C12,'FTD03'!A:E,1,0) -> Inferior | L12: =VLOOKUP(B12,'FTD03'!C:E,3,0) -> DN-80 | M12: =VLOOKUP(B12,'FTD03'!C:G,5,0) -> GEMÜ | N12: =VLOOKUP(B12,'FTD04'!C:E,1,0) -> Entrada de ar no tanque pós filtro absoluto | O12: =VLOOKUP(C12,'FTD04'!A:E,1,0) -> Inferior | P12: =VLOOKUP(B12,'FTD04'!C:E,3,0) -> DN-80 | Q12: =VLOOKUP(B12,'FTD04'!C:G,5,0) -> GEMÜ | R12: =VLOOKUP(B12,'FTD05'!C:E,1,0) -> Entrada de ar no tanque pós filtro absoluto | S12: =VLOOKUP(C12,'FTD05'!A:E,1,0) -> Inferior | T12: =VLOOKUP(B12,'FTD05'!C:E,3,0) -> DN-80 | U12: =VLOOKUP(B12,'FTD05'!C:G,5,0) -> GEMÜ | V12: =VLOOKUP(B12,'FTD06'!C:E,1,0) -> Entrada de ar no tanque pós filtro absoluto | W12: =VLOOKUP(C12,'FTD06'!A:E,1,0) -> Inferior | X12: =VLOOKUP(B12,'FTD06'!C:E,3,0) -> DN-80 | Y12: =VLOOKUP(B12,'FTD06'!C:G,5,0) -> GEMÜ | Z12: =VLOOKUP(B12,'FTD07'!C:E,1,0) -> Entrada de ar no tanque pós filtro absoluto | AA12: =VLOOKUP(C12,'FTD07'!A:E,1,0) -> Inferior | AB12: =VLOOKUP(B12,'FTD07'!C:E,3,0) -> DN-80 | AC12: =VLOOKUP(B12,'FTD07'!C:G,5,0) -> GEMÜ | AD12: =VLOOKUP(B12,'FTD08'!C:E,1,0) -> Entrada de ar no tanque pós filtro absoluto | AE12: =VLOOKUP(C12,'FTD08'!A:E,1,0) -> Inferior | AF12: =VLOOKUP(B12,'FTD08'!C:E,3,0) -> DN-80 | AG12: =VLOOKUP(B12,'FTD08'!C:G,5,0) -> GEMÜ | AH12: =VLOOKUP(B12,'FTD09'!C:E,1,0) -> Entrada de ar no tanque pós filtro absoluto | AI12: =VLOOKUP(C12,'FTD09'!A:E,1,0) -> Inferior | AJ12: =VLOOKUP(B12,'FTD09'!C:E,3,0) -> DN-80 | AK12: =VLOOKUP(B12,'FTD09'!C:G,5,0) -> GEMÜ | AL12: =VLOOKUP(B12,'FTD10'!C:E,1,0) -> Entrada de ar no tanque pós filtro absoluto | AM12: =VLOOKUP(C12,'FTD10'!A:E,1,0) -> Inferior | AN12: =VLOOKUP(B12,'FTD10'!C:E,3,0) -> DN-80 | AO12: =VLOOKUP(B12,'FTD10'!C:G,5,0) -> GEMÜ | AP12: =VLOOKUP(B12,'FTD11'!C:E,1,0) -> Entrada de ar no tanque pós filtro absoluto | AQ12: =VLOOKUP(C12,'FTD11'!A:E,1,0) -> Inferior | AR12: =VLOOKUP(B12,'FTD11'!C:E,3,0) -> DN-80 | AS12: =VLOOKUP(B12,'FTD11'!C:G,5,0) -> GEMÜ | AT12: =VLOOKUP(B12,'FTD12'!C:E,1,0) -> Entrada de ar no tanque pós filtro absoluto | AU12: =VLOOKUP(C12,'FTD12'!A:E,1,0) -> Inferior | AV12: =VLOOKUP(B12,'FTD12'!C:E,3,0) -> DN-80 | AW12: =VLOOKUP(B12,'FTD12'!C:G,5,0) -> GEMÜ | AX12: =COUNTIF(E12:AU12,AU12) -> 11 | AY12: =COUNTIF(F12:AV12,AV12) -> 11 | BA12: Linha vapor fundo esterilização | BB12: Inferior | BC12: DN-8 | BD12: ZDL | BE12: =VLOOKUP(BA12,'PGD02'!C:E,1,0) -> Linha vapor fundo esterilização | BG12: =VLOOKUP(BA12,'PGD02'!C:E,3,0) -> DN-8 | BH12: =VLOOKUP(BA12,'PGD02'!C:G,5,0) -> GEMÜ | BI12: =VLOOKUP(BA12,'PGD03'!C:E,1,0) -> Linha vapor fundo esterilização | BK12: =VLOOKUP(BA12,'PGD03'!C:E,3,0) -> DN-8 | BL12: =VLOOKUP(BA12,'PGD03'!C:G,5,0) -> ZDL | BM12: =VLOOKUP(BA12,'PGD03'!C:E,1,0) -> Linha vapor fundo esterilização | BO12: =VLOOKUP(BA12,'PGD04'!C:E,3,0) -> DN-8 | BP12: =VLOOKUP(BA12,'PGD04'!C:G,5,0) -> ZDL | BQ12: =VLOOKUP(BA12,'PGD05'!C:E,1,0) -> Linha vapor fundo esterilização | BS12: =VLOOKUP(BA12,'PGD05'!C:E,3,0) -> DN-8 | BT12: =VLOOKUP(BA12,'PGD05'!C:G,5,0) -> ZDL | BU12: =VLOOKUP(BA12,'PGD06'!C:E,1,0) -> Linha vapor fundo esterilização | BW12: =VLOOKUP(BA12,'PGD06'!C:E,3,0) -> DN-8 | BX12: =VLOOKUP(BA12,'PGD06'!C:G,5,0) -> ZDL | BY12: =VLOOKUP(BA12,'PGD07'!C:E,1,0) -> Linha vapor fundo esterilização | CA12: =VLOOKUP(BA12,'PGD07'!C:E,3,0) -> DN-8 | CB12: =VLOOKUP(BA12,'PGD07'!C:G,5,0) -> ZDL | CC12: =VLOOKUP(BA12,'PGD08'!C:E,1,0) -> Linha vapor fundo esterilização | CE12: =VLOOKUP(BA12,'PGD08'!C:E,3,0) -> DN-8 | CF12: =VLOOKUP(BA12,'PGD08'!C:G,5,0) -> ZDL | CG12: =VLOOKUP(BA12,'PGD09'!C:E,1,0) -> Linha vapor fundo esterilização | CI12: =VLOOKUP(BA12,'PGD09'!C:E,3,0) -> DN-8 | CJ12: =VLOOKUP(BA12,'PGD09'!C:G,5,0) -> ZDL | CK12: =VLOOKUP(BA12,'PGD10'!C:E,1,0) -> Linha vapor fundo esterilização | CM12: =VLOOKUP(BA12,'PGD10'!C:E,3,0) -> DN-8 | CN12: =VLOOKUP(BA12,'PGD10'!C:G,5,0) -> ZDL | CO12: =VLOOKUP(BA12,'PGD11'!C:E,1,0) -> Linha vapor fundo esterilização | CQ12: =VLOOKUP(BA12,'PGD11'!C:E,3,0) -> DN-8 | CR12: =VLOOKUP(BA12,'PGD11'!C:G,5,0) -> ZDL | CS12: =VLOOKUP(BA12,'PGD12'!C:E,1,0) -> Linha vapor fundo esterilização | CU12: =VLOOKUP(BA12,'PGD12'!C:E,3,0) -> DN-8 | CV12: =VLOOKUP(BA12,'PGD12'!C:G,5,0) -> GEMÜ | CW12: =COUNTIF(BE12:CU12,CU12) -> 11 | CY12: Entrada de água fria | CZ12: DN-50 | DA12: GEMÜ | DB12: =VLOOKUP(CY12,'BLD03'!C:E,1,0) -> Entrada de água fria | DC12: =VLOOKUP(CY12,'BLD03'!C:E,3,0) -> DN-50 | DD12: =VLOOKUP(CY12,'BLD02'!C:G,5,0) -> GEMÜ | DE12: =COUNTIF(CY12:DC12,DC12) -> 2
B13: Válvula injetora de vapor | C13: Inferior | D13: DN-80 | E13: GEMÜ | F13: =VLOOKUP(B13,'FTD02'!C:E,1,0) -> Válvula injetora de vapor | G13: =VLOOKUP(C13,'FTD02'!A:E,1,0) -> Inferior | H13: =VLOOKUP(B13,'FTD02'!C:E,3,0) -> DN-80 | I13: =VLOOKUP(B13,'FTD02'!C:G,5,0) -> GEMÜ | J13: =VLOOKUP(B13,'FTD03'!C:E,1,0) -> Válvula injetora de vapor | K13: =VLOOKUP(C13,'FTD03'!A:E,1,0) -> Inferior | L13: =VLOOKUP(B13,'FTD03'!C:E,3,0) -> DN-80 | M13: =VLOOKUP(B13,'FTD03'!C:G,5,0) -> GEMÜ | N13: =VLOOKUP(B13,'FTD04'!C:E,1,0) -> Válvula injetora de vapor | O13: =VLOOKUP(C13,'FTD04'!A:E,1,0) -> Inferior | P13: =VLOOKUP(B13,'FTD04'!C:E,3,0) -> DN-80 | Q13: =VLOOKUP(B13,'FTD04'!C:G,5,0) -> GEMÜ | R13: =VLOOKUP(B13,'FTD05'!C:E,1,0) -> Válvula injetora de vapor | S13: =VLOOKUP(C13,'FTD05'!A:E,1,0) -> Inferior | T13: =VLOOKUP(B13,'FTD05'!C:E,3,0) -> DN-80 | U13: =VLOOKUP(B13,'FTD05'!C:G,5,0) -> GEMÜ | V13: =VLOOKUP(B13,'FTD06'!C:E,1,0) -> Válvula injetora de vapor | W13: =VLOOKUP(C13,'FTD06'!A:E,1,0) -> Inferior | X13: =VLOOKUP(B13,'FTD06'!C:E,3,0) -> DN-80 | Y13: =VLOOKUP(B13,'FTD06'!C:G,5,0) -> GEMÜ | Z13: =VLOOKUP(B13,'FTD07'!C:E,1,0) -> Válvula injetora de vapor | AA13: =VLOOKUP(C13,'FTD07'!A:E,1,0) -> Inferior | AB13: =VLOOKUP(B13,'FTD07'!C:E,3,0) -> DN-80 | AC13: =VLOOKUP(B13,'FTD07'!C:G,5,0) -> GEMÜ | AD13: =VLOOKUP(B13,'FTD08'!C:E,1,0) -> Válvula injetora de vapor | AE13: =VLOOKUP(C13,'FTD08'!A:E,1,0) -> Inferior | AF13: =VLOOKUP(B13,'FTD08'!C:E,3,0) -> DN-80 | AG13: =VLOOKUP(B13,'FTD08'!C:G,5,0) -> GEMÜ | AH13: =VLOOKUP(B13,'FTD09'!C:E,1,0) -> Válvula injetora de vapor | AI13: =VLOOKUP(C13,'FTD09'!A:E,1,0) -> Inferior | AJ13: =VLOOKUP(B13,'FTD09'!C:E,3,0) -> DN-80 | AK13: =VLOOKUP(B13,'FTD09'!C:G,5,0) -> GEMÜ | AL13: =VLOOKUP(B13,'FTD10'!C:E,1,0) -> Válvula injetora de vapor | AM13: =VLOOKUP(C13,'FTD10'!A:E,1,0) -> Inferior | AN13: =VLOOKUP(B13,'FTD10'!C:E,3,0) -> DN-80 | AO13: =VLOOKUP(B13,'FTD10'!C:G,5,0) -> GEMÜ | AP13: =VLOOKUP(B13,'FTD11'!C:E,1,0) -> Válvula injetora de vapor | AQ13: =VLOOKUP(C13,'FTD11'!A:E,1,0) -> Inferior | AR13: =VLOOKUP(B13,'FTD11'!C:E,3,0) -> DN-80 | AS13: =VLOOKUP(B13,'FTD11'!C:G,5,0) -> GEMÜ | AT13: =VLOOKUP(B13,'FTD12'!C:E,1,0) -> Válvula injetora de vapor | AU13: =VLOOKUP(C13,'FTD12'!A:E,1,0) -> Inferior | AV13: =VLOOKUP(B13,'FTD12'!C:E,3,0) -> DN-80 | AW13: =VLOOKUP(B13,'FTD12'!C:G,5,0) -> GEMÜ | AX13: =COUNTIF(E13:AU13,AU13) -> 11 | AY13: =COUNTIF(F13:AV13,AV13) -> 11 | BA13: Trasnferência BV | BB13: Inferior | BC13: DN-40 | BD13: GEMÜ | BE13: =VLOOKUP(BA13,'PGD02'!C:E,1,0) -> Trasnferência BV | BG13: =VLOOKUP(BA13,'PGD02'!C:E,3,0) -> DN-40 | BH13: =VLOOKUP(BA13,'PGD02'!C:G,5,0) -> GEMÜ | BI13: =VLOOKUP(BA13,'PGD03'!C:E,1,0) -> Trasnferência BV | BK13: =VLOOKUP(BA13,'PGD03'!C:E,3,0) -> DN-40 | BL13: =VLOOKUP(BA13,'PGD03'!C:G,5,0) -> GEMÜ | BM13: =VLOOKUP(BA13,'PGD03'!C:E,1,0) -> Trasnferência BV | BO13: =VLOOKUP(BA13,'PGD04'!C:E,3,0) -> DN-40 | BP13: =VLOOKUP(BA13,'PGD04'!C:G,5,0) -> GEMÜ | BQ13: =VLOOKUP(BA13,'PGD05'!C:E,1,0) -> Trasnferência BV | BS13: =VLOOKUP(BA13,'PGD05'!C:E,3,0) -> DN-40 | BT13: =VLOOKUP(BA13,'PGD05'!C:G,5,0) -> GEMÜ | BU13: =VLOOKUP(BA13,'PGD06'!C:E,1,0) -> Trasnferência BV | BW13: =VLOOKUP(BA13,'PGD06'!C:E,3,0) -> DN-40 | BX13: =VLOOKUP(BA13,'PGD06'!C:G,5,0) -> GEMÜ | BY13: =VLOOKUP(BA13,'PGD07'!C:E,1,0) -> Trasnferência BV | CA13: =VLOOKUP(BA13,'PGD07'!C:E,3,0) -> DN-40 | CB13: =VLOOKUP(BA13,'PGD07'!C:G,5,0) -> GEMÜ | CC13: =VLOOKUP(BA13,'PGD08'!C:E,1,0) -> Trasnferência BV | CE13: =VLOOKUP(BA13,'PGD08'!C:E,3,0) -> DN-40 | CF13: =VLOOKUP(BA13,'PGD08'!C:G,5,0) -> ZDL | CG13: =VLOOKUP(BA13,'PGD09'!C:E,1,0) -> Trasnferência BV | CI13: =VLOOKUP(BA13,'PGD09'!C:E,3,0) -> DN-40 | CJ13: =VLOOKUP(BA13,'PGD09'!C:G,5,0) -> GEMÜ | CK13: =VLOOKUP(BA13,'PGD10'!C:E,1,0) -> Trasnferência BV | CM13: =VLOOKUP(BA13,'PGD10'!C:E,3,0) -> DN-40 | CN13: =VLOOKUP(BA13,'PGD10'!C:G,5,0) -> GEMÜ | CO13: =VLOOKUP(BA13,'PGD11'!C:E,1,0) -> Trasnferência BV | CQ13: =VLOOKUP(BA13,'PGD11'!C:E,3,0) -> DN-40 | CR13: =VLOOKUP(BA13,'PGD11'!C:G,5,0) -> GEMÜ | CS13: =VLOOKUP(BA13,'PGD12'!C:E,1,0) -> Trasnferência BV | CU13: =VLOOKUP(BA13,'PGD12'!C:E,3,0) -> DN-40 | CV13: =VLOOKUP(BA13,'PGD12'!C:G,5,0) -> GEMÜ | CW13: =COUNTIF(BE13:CU13,CU13) -> 11 | CY13: Entrada bloco BV água quente | CZ13: DN-50 | DA13: GEMÜ | DB13: =VLOOKUP(CY13,'BLD03'!C:E,1,0) -> Entrada bloco BV água quente | DC13: =VLOOKUP(CY13,'BLD03'!C:E,3,0) -> DN-50 | DD13: =VLOOKUP(CY13,'BLD02'!C:G,5,0) -> GEMÜ | DE13: =COUNTIF(CY13:DC13,DC13) -> 2
B14: Trasnferência BV fundo | C14: Inferior | D14: DN-40 | E14: GEMÜ | F14: =VLOOKUP(B14,'FTD02'!C:E,1,0) -> Trasnferência BV fundo | G14: =VLOOKUP(C14,'FTD02'!A:E,1,0) -> Inferior | H14: =VLOOKUP(B14,'FTD02'!C:E,3,0) -> DN-40 | I14: =VLOOKUP(B14,'FTD02'!C:G,5,0) -> GEMÜ | J14: =VLOOKUP(B14,'FTD03'!C:E,1,0) -> Trasnferência BV fundo | K14: =VLOOKUP(C14,'FTD03'!A:E,1,0) -> Inferior | L14: =VLOOKUP(B14,'FTD03'!C:E,3,0) -> DN-40 | M14: =VLOOKUP(B14,'FTD03'!C:G,5,0) -> GEMÜ | N14: =VLOOKUP(B14,'FTD04'!C:E,1,0) -> Trasnferência BV fundo | O14: =VLOOKUP(C14,'FTD04'!A:E,1,0) -> Inferior | P14: =VLOOKUP(B14,'FTD04'!C:E,3,0) -> DN-40 | Q14: =VLOOKUP(B14,'FTD04'!C:G,5,0) -> GEMÜ | R14: =VLOOKUP(B14,'FTD05'!C:E,1,0) -> Trasnferência BV fundo | S14: =VLOOKUP(C14,'FTD05'!A:E,1,0) -> Inferior | T14: =VLOOKUP(B14,'FTD05'!C:E,3,0) -> DN-40 | U14: =VLOOKUP(B14,'FTD05'!C:G,5,0) -> GEMÜ | V14: =VLOOKUP(B14,'FTD06'!C:E,1,0) -> Trasnferência BV fundo | W14: =VLOOKUP(C14,'FTD06'!A:E,1,0) -> Inferior | X14: =VLOOKUP(B14,'FTD06'!C:E,3,0) -> DN-40 | Y14: =VLOOKUP(B14,'FTD06'!C:G,5,0) -> GEMÜ | Z14: =VLOOKUP(B14,'FTD07'!C:E,1,0) -> Trasnferência BV fundo | AA14: =VLOOKUP(C14,'FTD07'!A:E,1,0) -> Inferior | AB14: =VLOOKUP(B14,'FTD07'!C:E,3,0) -> DN-40 | AC14: =VLOOKUP(B14,'FTD07'!C:G,5,0) -> GEMÜ | AD14: =VLOOKUP(B14,'FTD08'!C:E,1,0) -> Trasnferência BV fundo | AE14: =VLOOKUP(C14,'FTD08'!A:E,1,0) -> Inferior | AF14: =VLOOKUP(B14,'FTD08'!C:E,3,0) -> DN-40 | AG14: =VLOOKUP(B14,'FTD08'!C:G,5,0) -> GEMÜ | AH14: =VLOOKUP(B14,'FTD09'!C:E,1,0) -> Trasnferência BV fundo | AI14: =VLOOKUP(C14,'FTD09'!A:E,1,0) -> Inferior | AJ14: =VLOOKUP(B14,'FTD09'!C:E,3,0) -> DN-40 | AK14: =VLOOKUP(B14,'FTD09'!C:G,5,0) -> GEMÜ | AL14: =VLOOKUP(B14,'FTD10'!C:E,1,0) -> Trasnferência BV fundo | AM14: =VLOOKUP(C14,'FTD10'!A:E,1,0) -> Inferior | AN14: =VLOOKUP(B14,'FTD10'!C:E,3,0) -> DN-40 | AO14: =VLOOKUP(B14,'FTD10'!C:G,5,0) -> GEMÜ | AP14: =VLOOKUP(B14,'FTD11'!C:E,1,0) -> Trasnferência BV fundo | AQ14: =VLOOKUP(C14,'FTD11'!A:E,1,0) -> Inferior | AR14: =VLOOKUP(B14,'FTD11'!C:E,3,0) -> DN-40 | AS14: =VLOOKUP(B14,'FTD11'!C:G,5,0) -> GEMÜ | AT14: =VLOOKUP(B14,'FTD12'!C:E,1,0) -> Trasnferência BV fundo | AU14: =VLOOKUP(C14,'FTD12'!A:E,1,0) -> Inferior | AV14: =VLOOKUP(B14,'FTD12'!C:E,3,0) -> DN-40 | AW14: =VLOOKUP(B14,'FTD12'!C:G,5,0) -> GEMÜ | AX14: =COUNTIF(E14:AU14,AU14) -> 11 | AY14: =COUNTIF(F14:AV14,AV14) -> 11 | BA14: Dreno BV alimentação carbono | BB14: Superior | BC14: DN-25 | BD14: GEMÜ | BE14: =VLOOKUP(BA14,'PGD02'!C:E,1,0) -> Dreno BV alimentação carbono | BG14: =VLOOKUP(BA14,'PGD02'!C:E,3,0) -> DN-25 | BH14: =VLOOKUP(BA14,'PGD02'!C:G,5,0) -> GEMÜ | BI14: =VLOOKUP(BA14,'PGD03'!C:E,1,0) -> Dreno BV alimentação carbono | BK14: =VLOOKUP(BA14,'PGD03'!C:E,3,0) -> DN-25 | BL14: =VLOOKUP(BA14,'PGD03'!C:G,5,0) -> GEMÜ | BM14: =VLOOKUP(BA14,'PGD03'!C:E,1,0) -> Dreno BV alimentação carbono | BO14: =VLOOKUP(BA14,'PGD04'!C:E,3,0) -> DN-25 | BP14: =VLOOKUP(BA14,'PGD04'!C:G,5,0) -> GEMÜ | BQ14: =VLOOKUP(BA14,'PGD05'!C:E,1,0) -> Dreno BV alimentação carbono | BS14: =VLOOKUP(BA14,'PGD05'!C:E,3,0) -> DN-25 | BT14: =VLOOKUP(BA14,'PGD05'!C:G,5,0) -> GEMÜ | BU14: =VLOOKUP(BA14,'PGD06'!C:E,1,0) -> Dreno BV alimentação carbono | BW14: =VLOOKUP(BA14,'PGD06'!C:E,3,0) -> DN-25 | BX14: =VLOOKUP(BA14,'PGD06'!C:G,5,0) -> GEMÜ | BY14: =VLOOKUP(BA14,'PGD07'!C:E,1,0) -> Dreno BV alimentação carbono | CA14: =VLOOKUP(BA14,'PGD07'!C:E,3,0) -> DN-25 | CB14: =VLOOKUP(BA14,'PGD07'!C:G,5,0) -> GEMÜ | CC14: =VLOOKUP(BA14,'PGD08'!C:E,1,0) -> Dreno BV alimentação carbono | CE14: =VLOOKUP(BA14,'PGD08'!C:E,3,0) -> DN-25 | CF14: =VLOOKUP(BA14,'PGD08'!C:G,5,0) -> GEMÜ | CG14: =VLOOKUP(BA14,'PGD09'!C:E,1,0) -> Dreno BV alimentação carbono | CI14: =VLOOKUP(BA14,'PGD09'!C:E,3,0) -> DN-25 | CJ14: =VLOOKUP(BA14,'PGD09'!C:G,5,0) -> GEMÜ | CK14: =VLOOKUP(BA14,'PGD10'!C:E,1,0) -> Dreno BV alimentação carbono | CM14: =VLOOKUP(BA14,'PGD10'!C:E,3,0) -> DN-25 | CN14: =VLOOKUP(BA14,'PGD10'!C:G,5,0) -> GEMÜ | CO14: =VLOOKUP(BA14,'PGD11'!C:E,1,0) -> Dreno BV alimentação carbono | CQ14: =VLOOKUP(BA14,'PGD11'!C:E,3,0) -> DN-25 | CR14: =VLOOKUP(BA14,'PGD11'!C:G,5,0) -> GEMÜ | CS14: =VLOOKUP(BA14,'PGD12'!C:E,1,0) -> Dreno BV alimentação carbono | CU14: =VLOOKUP(BA14,'PGD12'!C:E,3,0) -> DN-25 | CV14: =VLOOKUP(BA14,'PGD12'!C:G,5,0) -> GEMÜ | CW14: =COUNTIF(BE14:CU14,CU14) -> 11 | CY14: Entrada blender água quente | CZ14: DN-50 | DA14: GEMÜ | DB14: =VLOOKUP(CY14,'BLD03'!C:E,1,0) -> Entrada blender água quente | DC14: =VLOOKUP(CY14,'BLD03'!C:E,3,0) -> DN-50 | DD14: =VLOOKUP(CY14,'BLD02'!C:G,5,0) -> GEMÜ | DE14: =COUNTIF(CY14:DC14,DC14) -> 2
B15: Bloqueio pós gasout válvula proporcional | C15: Superior | D15: DN-40 | E15: GEMÜ | F15: =VLOOKUP(B15,'FTD02'!C:E,1,0) -> Bloqueio pós gasout válvula proporcional | G15: =VLOOKUP(C15,'FTD02'!A:E,1,0) -> Superior | H15: =VLOOKUP(B15,'FTD02'!C:E,3,0) -> DN-40 | I15: =VLOOKUP(B15,'FTD02'!C:G,5,0) -> GEMÜ | J15: =VLOOKUP(B15,'FTD03'!C:E,1,0) -> Bloqueio pós gasout válvula proporcional | K15: =VLOOKUP(C15,'FTD03'!A:E,1,0) -> Superior | L15: =VLOOKUP(B15,'FTD03'!C:E,3,0) -> DN-40 | M15: =VLOOKUP(B15,'FTD03'!C:G,5,0) -> GEMÜ | N15: =VLOOKUP(B15,'FTD04'!C:E,1,0) -> Bloqueio pós gasout válvula proporcional | O15: =VLOOKUP(C15,'FTD04'!A:E,1,0) -> Superior | P15: =VLOOKUP(B15,'FTD04'!C:E,3,0) -> DN-40 | Q15: =VLOOKUP(B15,'FTD04'!C:G,5,0) -> GEMÜ | R15: =VLOOKUP(B15,'FTD05'!C:E,1,0) -> Bloqueio pós gasout válvula proporcional | S15: =VLOOKUP(C15,'FTD05'!A:E,1,0) -> Superior | T15: =VLOOKUP(B15,'FTD05'!C:E,3,0) -> DN-40 | U15: =VLOOKUP(B15,'FTD05'!C:G,5,0) -> GEMÜ | V15: =VLOOKUP(B15,'FTD06'!C:E,1,0) -> Bloqueio pós gasout válvula proporcional | W15: =VLOOKUP(C15,'FTD06'!A:E,1,0) -> Superior | X15: =VLOOKUP(B15,'FTD06'!C:E,3,0) -> DN-40 | Y15: =VLOOKUP(B15,'FTD06'!C:G,5,0) -> GEMÜ | Z15: =VLOOKUP(B15,'FTD07'!C:E,1,0) -> Bloqueio pós gasout válvula proporcional | AA15: =VLOOKUP(C15,'FTD07'!A:E,1,0) -> Superior | AB15: =VLOOKUP(B15,'FTD07'!C:E,3,0) -> DN-40 | AC15: =VLOOKUP(B15,'FTD07'!C:G,5,0) -> GEMÜ | AD15: =VLOOKUP(B15,'FTD08'!C:E,1,0) -> Bloqueio pós gasout válvula proporcional | AE15: =VLOOKUP(C15,'FTD08'!A:E,1,0) -> Superior | AF15: =VLOOKUP(B15,'FTD08'!C:E,3,0) -> DN-40 | AG15: =VLOOKUP(B15,'FTD08'!C:G,5,0) -> GEMÜ | AH15: =VLOOKUP(B15,'FTD09'!C:E,1,0) -> Bloqueio pós gasout válvula proporcional | AI15: =VLOOKUP(C15,'FTD09'!A:E,1,0) -> Superior | AJ15: =VLOOKUP(B15,'FTD09'!C:E,3,0) -> DN-40 | AK15: =VLOOKUP(B15,'FTD09'!C:G,5,0) -> GEMÜ | AL15: =VLOOKUP(B15,'FTD10'!C:E,1,0) -> Bloqueio pós gasout válvula proporcional | AM15: =VLOOKUP(C15,'FTD10'!A:E,1,0) -> Superior | AN15: =VLOOKUP(B15,'FTD10'!C:E,3,0) -> DN-40 | AO15: =VLOOKUP(B15,'FTD10'!C:G,5,0) -> ZDL | AP15: =VLOOKUP(B15,'FTD11'!C:E,1,0) -> Bloqueio pós gasout válvula proporcional | AQ15: =VLOOKUP(C15,'FTD11'!A:E,1,0) -> Superior | AR15: =VLOOKUP(B15,'FTD11'!C:E,3,0) -> DN-40 | AS15: =VLOOKUP(B15,'FTD11'!C:G,5,0) -> GEMÜ | AT15: =VLOOKUP(B15,'FTD12'!C:E,1,0) -> Bloqueio pós gasout válvula proporcional | AU15: =VLOOKUP(C15,'FTD12'!A:E,1,0) -> Superior | AV15: =VLOOKUP(B15,'FTD12'!C:E,3,0) -> DN-40 | AW15: =VLOOKUP(B15,'FTD12'!C:G,5,0) -> GEMÜ | AX15: =COUNTIF(E15:AU15,AU15) -> 11 | AY15: =COUNTIF(F15:AV15,AV15) -> 11 | BA15: Dreno BV alimentação nitrogênio | BB15: Superior | BC15: DN-25 | BD15: GEMÜ | BE15: =VLOOKUP(BA15,'PGD02'!C:E,1,0) -> Dreno BV alimentação nitrogênio | BG15: =VLOOKUP(BA15,'PGD02'!C:E,3,0) -> DN-25 | BH15: =VLOOKUP(BA15,'PGD02'!C:G,5,0) -> GEMÜ | BI15: =VLOOKUP(BA15,'PGD03'!C:E,1,0) -> Dreno BV alimentação nitrogênio | BK15: =VLOOKUP(BA15,'PGD03'!C:E,3,0) -> DN-25 | BL15: =VLOOKUP(BA15,'PGD03'!C:G,5,0) -> GEMÜ | BM15: =VLOOKUP(BA15,'PGD03'!C:E,1,0) -> Dreno BV alimentação nitrogênio | BO15: =VLOOKUP(BA15,'PGD04'!C:E,3,0) -> DN-25 | BP15: =VLOOKUP(BA15,'PGD04'!C:G,5,0) -> GEMÜ | BQ15: =VLOOKUP(BA15,'PGD05'!C:E,1,0) -> Dreno BV alimentação nitrogênio | BS15: =VLOOKUP(BA15,'PGD05'!C:E,3,0) -> DN-25 | BT15: =VLOOKUP(BA15,'PGD05'!C:G,5,0) -> GEMÜ | BU15: =VLOOKUP(BA15,'PGD06'!C:E,1,0) -> Dreno BV alimentação nitrogênio | BW15: =VLOOKUP(BA15,'PGD06'!C:E,3,0) -> DN-25 | BX15: =VLOOKUP(BA15,'PGD06'!C:G,5,0) -> GEMÜ | BY15: =VLOOKUP(BA15,'PGD07'!C:E,1,0) -> Dreno BV alimentação nitrogênio | CA15: =VLOOKUP(BA15,'PGD07'!C:E,3,0) -> DN-25 | CB15: =VLOOKUP(BA15,'PGD07'!C:G,5,0) -> GEMÜ | CC15: =VLOOKUP(BA15,'PGD08'!C:E,1,0) -> Dreno BV alimentação nitrogênio | CE15: =VLOOKUP(BA15,'PGD08'!C:E,3,0) -> DN-25 | CF15: =VLOOKUP(BA15,'PGD08'!C:G,5,0) -> GEMÜ | CG15: =VLOOKUP(BA15,'PGD09'!C:E,1,0) -> Dreno BV alimentação nitrogênio | CI15: =VLOOKUP(BA15,'PGD09'!C:E,3,0) -> DN-25 | CJ15: =VLOOKUP(BA15,'PGD09'!C:G,5,0) -> GEMÜ | CK15: =VLOOKUP(BA15,'PGD10'!C:E,1,0) -> Dreno BV alimentação nitrogênio | CM15: =VLOOKUP(BA15,'PGD10'!C:E,3,0) -> DN-25 | CN15: =VLOOKUP(BA15,'PGD10'!C:G,5,0) -> GEMÜ | CO15: =VLOOKUP(BA15,'PGD11'!C:E,1,0) -> Dreno BV alimentação nitrogênio | CQ15: =VLOOKUP(BA15,'PGD11'!C:E,3,0) -> DN-25 | CR15: =VLOOKUP(BA15,'PGD11'!C:G,5,0) -> GEMÜ | CS15: =VLOOKUP(BA15,'PGD12'!C:E,1,0) -> Dreno BV alimentação nitrogênio | CU15: =VLOOKUP(BA15,'PGD12'!C:E,3,0) -> DN-25 | CV15: =VLOOKUP(BA15,'PGD12'!C:G,5,0) -> GEMÜ | CW15: =COUNTIF(BE15:CU15,CU15) -> 11 | CY15: Dreno BV alimentção água quente | CZ15: DN-50 | DA15: GEMÜ | DB15: =VLOOKUP(CY15,'BLD03'!C:E,1,0) -> Dreno BV alimentção água quente | DC15: =VLOOKUP(CY15,'BLD03'!C:E,3,0) -> DN-50 | DD15: =VLOOKUP(CY15,'BLD02'!C:G,5,0) -> GEMÜ | DE15: =COUNTIF(CY15:DC15,DC15) -> 2
... B33: Entrada fermentador BV alimentação água quente | C33: Superior | D33: DN-50 | E33: GEMÜ | F33: =VLOOKUP(B33,'FTD02'!C:E,1,0) -> Entrada fermentador BV alimentação água quente | G33: =VLOOKUP(C33,'FTD02'!A:E,1,0) -> Superior | H33: =VLOOKUP(B33,'FTD02'!C:E,3,0) -> DN-50 | I33: =VLOOKUP(B33,'FTD02'!C:G,5,0) -> GEMÜ | J33: =VLOOKUP(B33,'FTD03'!C:E,1,0) -> Entrada fermentador BV alimentação água quente | K33: =VLOOKUP(C33,'FTD03'!A:E,1,0) -> Superior | L33: =VLOOKUP(B33,'FTD03'!C:E,3,0) -> DN-50 | M33: =VLOOKUP(B33,'FTD03'!C:G,5,0) -> GEMÜ | N33: =VLOOKUP(B33,'FTD04'!C:E,1,0) -> Entrada fermentador BV alimentação água quente | O33: =VLOOKUP(C33,'FTD04'!A:E,1,0) -> Superior | P33: =VLOOKUP(B33,'FTD04'!C:E,3,0) -> DN-50 | Q33: =VLOOKUP(B33,'FTD04'!C:G,5,0) -> GEMÜ | R33: =VLOOKUP(B33,'FTD05'!C:E,1,0) -> Entrada fermentador BV alimentação água quente | S33: =VLOOKUP(C33,'FTD05'!A:E,1,0) -> Superior | T33: =VLOOKUP(B33,'FTD05'!C:E,3,0) -> DN-50 | U33: =VLOOKUP(B33,'FTD05'!C:G,5,0) -> GEMÜ | V33: =VLOOKUP(B33,'FTD06'!C:E,1,0) -> Entrada fermentador BV alimentação água quente | W33: =VLOOKUP(C33,'FTD06'!A:E,1,0) -> Superior | X33: =VLOOKUP(B33,'FTD06'!C:E,3,0) -> DN-50 | Y33: =VLOOKUP(B33,'FTD06'!C:G,5,0) -> GEMÜ | Z33: =VLOOKUP(B33,'FTD07'!C:E,1,0) -> Entrada fermentador BV alimentação água quente | AA33: =VLOOKUP(C33,'FTD07'!A:E,1,0) -> Superior | AB33: =VLOOKUP(B33,'FTD07'!C:E,3,0) -> DN-50 | AC33: =VLOOKUP(B33,'FTD07'!C:G,5,0) -> GEMÜ | AD33: =VLOOKUP(B33,'FTD08'!C:E,1,0) -> Entrada fermentador BV alimentação água quente | AE33: =VLOOKUP(C33,'FTD08'!A:E,1,0) -> Superior | AF33: =VLOOKUP(B33,'FTD08'!C:E,3,0) -> DN-50 | AG33: =VLOOKUP(B33,'FTD08'!C:G,5,0) -> GEMÜ | AH33: =VLOOKUP(B33,'FTD09'!C:E,1,0) -> Entrada fermentador BV alimentação água quente | AI33: =VLOOKUP(C33,'FTD09'!A:E,1,0) -> Superior | AJ33: =VLOOKUP(B33,'FTD09'!C:E,3,0) -> DN-40 | AK33: =VLOOKUP(B33,'FTD09'!C:G,5,0) -> GEMÜ | AL33: =VLOOKUP(B33,'FTD10'!C:E,1,0) -> Entrada fermentador BV alimentação água quente | AM33: =VLOOKUP(C33,'FTD10'!A:E,1,0) -> Superior | AN33: =VLOOKUP(B33,'FTD10'!C:E,3,0) -> DN-50 | AO33: =VLOOKUP(B33,'FTD10'!C:G,5,0) -> GEMÜ | AP33: =VLOOKUP(B33,'FTD11'!C:E,1,0) -> Entrada fermentador BV alimentação água quente | AQ33: =VLOOKUP(C33,'FTD11'!A:E,1,0) -> Superior | AR33: =VLOOKUP(B33,'FTD11'!C:E,3,0) -> DN-50 | AS33: =VLOOKUP(B33,'FTD11'!C:G,5,0) -> GEMÜ | AT33: =VLOOKUP(B33,'FTD12'!C:E,1,0) -> Entrada fermentador BV alimentação água quente | AU33: =VLOOKUP(C33,'FTD12'!A:E,1,0) -> Superior | AV33: =VLOOKUP(B33,'FTD12'!C:E,3,0) -> DN-50 | AW33: =VLOOKUP(B33,'FTD12'!C:G,5,0) -> GEMÜ | AX33: =COUNTIF(E33:AU33,AU33) -> 11 | AY33: =COUNTIF(F33:AV33,AV33) -> 10 | BA33: Válvula de bloqueio de vapor da linha de ar pré filtro absoluto | BB33: Superior | BC33: DN-8 | BD33: ZDL | BE33: =VLOOKUP(BA33,'PGD02'!C:E,1,0) -> Válvula de bloqueio de vapor da linha de ar pré filtro absoluto | BG33: =VLOOKUP(BA33,'PGD02'!C:E,3,0) -> DN-8 | BH33: =VLOOKUP(BA33,'PGD02'!C:G,5,0) -> ZDL | BI33: =VLOOKUP(BA33,'PGD03'!C:E,1,0) -> Válvula de bloqueio de vapor da linha de ar pré filtro absoluto | BK33: =VLOOKUP(BA33,'PGD03'!C:E,3,0) -> DN-8 | BL33: =VLOOKUP(BA33,'PGD03'!C:G,5,0) -> ZDL | BM33: =VLOOKUP(BA33,'PGD03'!C:E,1,0) -> Válvula de bloqueio de vapor da linha de ar pré filtro absoluto | BO33: =VLOOKUP(BA33,'PGD04'!C:E,3,0) -> DN-8 | BP33: =VLOOKUP(BA33,'PGD04'!C:G,5,0) -> ZDL | BQ33: =VLOOKUP(BA33,'PGD05'!C:E,1,0) -> Válvula de bloqueio de vapor da linha de ar pré filtro absoluto | BS33: =VLOOKUP(BA33,'PGD05'!C:E,3,0) -> DN-8 | BT33: =VLOOKUP(BA33,'PGD05'!C:G,5,0) -> ZDL | BU33: =VLOOKUP(BA33,'PGD06'!C:E,1,0) -> Válvula de bloqueio de vapor da linha de ar pré filtro absoluto | BW33: =VLOOKUP(BA33,'PGD06'!C:E,3,0) -> DN-8 | BX33: =VLOOKUP(BA33,'PGD06'!C:G,5,0) -> ZDL | BY33: =VLOOKUP(BA33,'PGD07'!C:E,1,0) -> Válvula de bloqueio de vapor da linha de ar pré filtro absoluto | CA33: =VLOOKUP(BA33,'PGD07'!C:E,3,0) -> DN-8 | CB33: =VLOOKUP(BA33,'PGD07'!C:G,5,0) -> ZDL | CC33: =VLOOKUP(BA33,'PGD08'!C:E,1,0) -> Válvula de bloqueio de vapor da linha de ar pré filtro absoluto | CE33: =VLOOKUP(BA33,'PGD08'!C:E,3,0) -> DN-8 | CF33: =VLOOKUP(BA33,'PGD08'!C:G,5,0) -> ZDL | CG33: =VLOOKUP(BA33,'PGD09'!C:E,1,0) -> Válvula de bloqueio de vapor da linha de ar pré filtro absoluto | CI33: =VLOOKUP(BA33,'PGD09'!C:E,3,0) -> DN-8 | CJ33: =VLOOKUP(BA33,'PGD09'!C:G,5,0) -> ZDL | CK33: =VLOOKUP(BA33,'PGD10'!C:E,1,0) -> Válvula de bloqueio de vapor da linha de ar pré filtro absoluto | CM33: =VLOOKUP(BA33,'PGD10'!C:E,3,0) -> DN-8 | CN33: =VLOOKUP(BA33,'PGD10'!C:G,5,0) -> ZDL | CO33: =VLOOKUP(BA33,'PGD11'!C:E,1,0) -> Válvula de bloqueio de vapor da linha de ar pré filtro absoluto | CQ33: =VLOOKUP(BA33,'PGD11'!C:E,3,0) -> DN-8 | CR33: =VLOOKUP(BA33,'PGD11'!C:G,5,0) -> ZDL | CS33: =VLOOKUP(BA33,'PGD12'!C:E,1,0) -> Válvula de bloqueio de vapor da linha de ar pré filtro absoluto | CU33: =VLOOKUP(BA33,'PGD12'!C:E,3,0) -> DN-8 | CV33: =VLOOKUP(BA33,'PGD12'!C:G,5,0) -> ZDL | CW33: =COUNTIF(BE33:CU33,CU33) -> 11 | CY33: Entrada de vapor na linha de produto | CZ33: DN-25 | DA33: GEMÜ | DB33: =VLOOKUP(CY33,'BLD03'!C:E,1,0) -> Entrada de vapor na linha de produto | DC33: =VLOOKUP(CY33,'BLD03'!C:E,3,0) -> DN-25 | DD33: =VLOOKUP(CY33,'BLD02'!C:G,5,0) -> GEMÜ | DE33: =COUNTIF(CY33:DC33,DC33) -> 2
B34: Entrada fermentador BV alimentação carbono | C34: Superior | D34: DN-40 | E34: GEMÜ | F34: =VLOOKUP(B34,'FTD02'!C:E,1,0) -> Entrada fermentador BV alimentação carbono | G34: =VLOOKUP(C34,'FTD02'!A:E,1,0) -> Superior | H34: =VLOOKUP(B34,'FTD02'!C:E,3,0) -> DN-40 | I34: =VLOOKUP(B34,'FTD02'!C:G,5,0) -> GEMÜ | J34: =VLOOKUP(B34,'FTD03'!C:E,1,0) -> Entrada fermentador BV alimentação carbono | K34: =VLOOKUP(C34,'FTD03'!A:E,1,0) -> Superior | L34: =VLOOKUP(B34,'FTD03'!C:E,3,0) -> DN-40 | M34: =VLOOKUP(B34,'FTD03'!C:G,5,0) -> GEMÜ | N34: =VLOOKUP(B34,'FTD04'!C:E,1,0) -> Entrada fermentador BV alimentação carbono | O34: =VLOOKUP(C34,'FTD04'!A:E,1,0) -> Superior | P34: =VLOOKUP(B34,'FTD04'!C:E,3,0) -> DN-40 | Q34: =VLOOKUP(B34,'FTD04'!C:G,5,0) -> GEMÜ | R34: =VLOOKUP(B34,'FTD05'!C:E,1,0) -> Entrada fermentador BV alimentação carbono | S34: =VLOOKUP(C34,'FTD05'!A:E,1,0) -> Superior | T34: =VLOOKUP(B34,'FTD05'!C:E,3,0) -> DN-40 | U34: =VLOOKUP(B34,'FTD05'!C:G,5,0) -> GEMÜ | V34: =VLOOKUP(B34,'FTD06'!C:E,1,0) -> Entrada fermentador BV alimentação carbono | W34: =VLOOKUP(C34,'FTD06'!A:E,1,0) -> Superior | X34: =VLOOKUP(B34,'FTD06'!C:E,3,0) -> DN-40 | Y34: =VLOOKUP(B34,'FTD06'!C:G,5,0) -> GEMÜ | Z34: =VLOOKUP(B34,'FTD07'!C:E,1,0) -> Entrada fermentador BV alimentação carbono | AA34: =VLOOKUP(C34,'FTD07'!A:E,1,0) -> Superior | AB34: =VLOOKUP(B34,'FTD07'!C:E,3,0) -> DN-40 | AC34: =VLOOKUP(B34,'FTD07'!C:G,5,0) -> GEMÜ | AD34: =VLOOKUP(B34,'FTD08'!C:E,1,0) -> Entrada fermentador BV alimentação carbono | AE34: =VLOOKUP(C34,'FTD08'!A:E,1,0) -> Superior | AF34: =VLOOKUP(B34,'FTD08'!C:E,3,0) -> DN-40 | AG34: =VLOOKUP(B34,'FTD08'!C:G,5,0) -> GEMÜ | AH34: =VLOOKUP(B34,'FTD09'!C:E,1,0) -> Entrada fermentador BV alimentação carbono | AI34: =VLOOKUP(C34,'FTD09'!A:E,1,0) -> Superior | AJ34: =VLOOKUP(B34,'FTD09'!C:E,3,0) -> DN-40 | AK34: =VLOOKUP(B34,'FTD09'!C:G,5,0) -> GEMÜ | AL34: =VLOOKUP(B34,'FTD10'!C:E,1,0) -> Entrada fermentador BV alimentação carbono | AM34: =VLOOKUP(C34,'FTD10'!A:E,1,0) -> Superior | AN34: =VLOOKUP(B34,'FTD10'!C:E,3,0) -> DN-40 | AO34: =VLOOKUP(B34,'FTD10'!C:G,5,0) -> GEMÜ | AP34: =VLOOKUP(B34,'FTD11'!C:E,1,0) -> Entrada fermentador BV alimentação carbono | AQ34: =VLOOKUP(C34,'FTD11'!A:E,1,0) -> Superior | AR34: =VLOOKUP(B34,'FTD11'!C:E,3,0) -> DN-40 | AS34: =VLOOKUP(B34,'FTD11'!C:G,5,0) -> GEMÜ | AT34: =VLOOKUP(B34,'FTD12'!C:E,1,0) -> Entrada fermentador BV alimentação carbono | AU34: =VLOOKUP(C34,'FTD12'!A:E,1,0) -> Superior | AV34: =VLOOKUP(B34,'FTD12'!C:E,3,0) -> DN-40 | AW34: =VLOOKUP(B34,'FTD12'!C:G,5,0) -> GEMÜ | AX34: =COUNTIF(E34:AU34,AU34) -> 11 | AY34: =COUNTIF(F34:AV34,AV34) -> 11 | BA34: Válvula de bloqueio linha de ar pós filtro absoluto | BB34: Superior | BC34: DN-40 | BD34: GEMÜ | BE34: =VLOOKUP(BA34,'PGD02'!C:E,1,0) -> Válvula de bloqueio linha de ar pós filtro absoluto | BG34: =VLOOKUP(BA34,'PGD02'!C:E,3,0) -> DN-40 | BH34: =VLOOKUP(BA34,'PGD02'!C:G,5,0) -> GEMÜ | BI34: =VLOOKUP(BA34,'PGD03'!C:E,1,0) -> Válvula de bloqueio linha de ar pós filtro absoluto | BK34: =VLOOKUP(BA34,'PGD03'!C:E,3,0) -> DN-40 | BL34: =VLOOKUP(BA34,'PGD03'!C:G,5,0) -> GEMÜ | BM34: =VLOOKUP(BA34,'PGD03'!C:E,1,0) -> Válvula de bloqueio linha de ar pós filtro absoluto | BO34: =VLOOKUP(BA34,'PGD04'!C:E,3,0) -> DN-40 | BP34: =VLOOKUP(BA34,'PGD04'!C:G,5,0) -> GEMÜ | BQ34: =VLOOKUP(BA34,'PGD05'!C:E,1,0) -> Válvula de bloqueio linha de ar pós filtro absoluto | BS34: =VLOOKUP(BA34,'PGD05'!C:E,3,0) -> DN-40 | BT34: =VLOOKUP(BA34,'PGD05'!C:G,5,0) -> GEMÜ | BU34: =VLOOKUP(BA34,'PGD06'!C:E,1,0) -> Válvula de bloqueio linha de ar pós filtro absoluto | BW34: =VLOOKUP(BA34,'PGD06'!C:E,3,0) -> DN-40 | BX34: =VLOOKUP(BA34,'PGD06'!C:G,5,0) -> GEMÜ | BY34: =VLOOKUP(BA34,'PGD07'!C:E,1,0) -> Válvula de bloqueio linha de ar pós filtro absoluto | CA34: =VLOOKUP(BA34,'PGD07'!C:E,3,0) -> DN-40 | CB34: =VLOOKUP(BA34,'PGD07'!C:G,5,0) -> GEMÜ | CC34: =VLOOKUP(BA34,'PGD08'!C:E,1,0) -> Válvula de bloqueio linha de ar pós filtro absoluto | CE34: =VLOOKUP(BA34,'PGD08'!C:E,3,0) -> DN-40 | CF34: =VLOOKUP(BA34,'PGD08'!C:G,5,0) -> GEMÜ | CG34: =VLOOKUP(BA34,'PGD09'!C:E,1,0) -> Válvula de bloqueio linha de ar pós filtro absoluto | CI34: =VLOOKUP(BA34,'PGD09'!C:E,3,0) -> DN-40 | CJ34: =VLOOKUP(BA34,'PGD09'!C:G,5,0) -> GEMÜ | CK34: =VLOOKUP(BA34,'PGD10'!C:E,1,0) -> Válvula de bloqueio linha de ar pós filtro absoluto | CM34: =VLOOKUP(BA34,'PGD10'!C:E,3,0) -> DN-40 | CN34: =VLOOKUP(BA34,'PGD10'!C:G,5,0) -> GEMÜ | CO34: =VLOOKUP(BA34,'PGD11'!C:E,1,0) -> Válvula de bloqueio linha de ar pós filtro absoluto | CQ34: =VLOOKUP(BA34,'PGD11'!C:E,3,0) -> DN-40 | CR34: =VLOOKUP(BA34,'PGD11'!C:G,5,0) -> GEMÜ | CS34: =VLOOKUP(BA34,'PGD12'!C:E,1,0) -> Válvula de bloqueio linha de ar pós filtro absoluto | CU34: =VLOOKUP(BA34,'PGD12'!C:E,3,0) -> DN-40 | CV34: =VLOOKUP(BA34,'PGD12'!C:G,5,0) -> GEMÜ | CW34: =COUNTIF(BE34:CU34,CU34) -> 11 | DA34: =COUNTIF(DA4:DA33,"ZDL") -> 8 | DD34: =COUNTIF(DD4:DD33,"ZDL") -> 8
B35: Entrada fermentador BV alimentação CIP | C35: Superior | D35: DN-25 | E35: GEMÜ | F35: =VLOOKUP(B35,'FTD02'!C:E,1,0) -> Entrada fermentador BV alimentação CIP | G35: =VLOOKUP(C35,'FTD02'!A:E,1,0) -> Superior | H35: =VLOOKUP(B35,'FTD02'!C:E,3,0) -> DN-25 | I35: =VLOOKUP(B35,'FTD02'!C:G,5,0) -> GEMÜ | J35: =VLOOKUP(B35,'FTD03'!C:E,1,0) -> Entrada fermentador BV alimentação CIP | K35: =VLOOKUP(C35,'FTD03'!A:E,1,0) -> Superior | L35: =VLOOKUP(B35,'FTD03'!C:E,3,0) -> DN-25 | M35: =VLOOKUP(B35,'FTD03'!C:G,5,0) -> GEMÜ | N35: =VLOOKUP(B35,'FTD04'!C:E,1,0) -> Entrada fermentador BV alimentação CIP | O35: =VLOOKUP(C35,'FTD04'!A:E,1,0) -> Superior | P35: =VLOOKUP(B35,'FTD04'!C:E,3,0) -> DN-25 | Q35: =VLOOKUP(B35,'FTD04'!C:G,5,0) -> GEMÜ | R35: =VLOOKUP(B35,'FTD05'!C:E,1,0) -> Entrada fermentador BV alimentação CIP | S35: =VLOOKUP(C35,'FTD05'!A:E,1,0) -> Superior | T35: =VLOOKUP(B35,'FTD05'!C:E,3,0) -> DN-25 | U35: =VLOOKUP(B35,'FTD05'!C:G,5,0) -> GEMÜ | V35: =VLOOKUP(B35,'FTD06'!C:E,1,0) -> Entrada fermentador BV alimentação CIP | W35: =VLOOKUP(C35,'FTD06'!A:E,1,0) -> Superior | X35: =VLOOKUP(B35,'FTD06'!C:E,3,0) -> DN-25 | Y35: =VLOOKUP(B35,'FTD06'!C:G,5,0) -> GEMÜ | Z35: =VLOOKUP(B35,'FTD07'!C:E,1,0) -> Entrada fermentador BV alimentação CIP | AA35: =VLOOKUP(C35,'FTD07'!A:E,1,0) -> Superior | AB35: =VLOOKUP(B35,'FTD07'!C:E,3,0) -> DN-25 | AC35: =VLOOKUP(B35,'FTD07'!C:G,5,0) -> GEMÜ | AD35: =VLOOKUP(B35,'FTD08'!C:E,1,0) -> Entrada fermentador BV alimentação CIP | AE35: =VLOOKUP(C35,'FTD08'!A:E,1,0) -> Superior | AF35: =VLOOKUP(B35,'FTD08'!C:E,3,0) -> DN-25 | AG35: =VLOOKUP(B35,'FTD08'!C:G,5,0) -> GEMÜ | AH35: =VLOOKUP(B35,'FTD09'!C:E,1,0) -> Entrada fermentador BV alimentação CIP | AI35: =VLOOKUP(C35,'FTD09'!A:E,1,0) -> Superior | AJ35: =VLOOKUP(B35,'FTD09'!C:E,3,0) -> DN-25 | AK35: =VLOOKUP(B35,'FTD09'!C:G,5,0) -> GEMÜ | AL35: =VLOOKUP(B35,'FTD10'!C:E,1,0) -> Entrada fermentador BV alimentação CIP | AM35: =VLOOKUP(C35,'FTD10'!A:E,1,0) -> Superior | AN35: =VLOOKUP(B35,'FTD10'!C:E,3,0) -> DN-25 | AO35: =VLOOKUP(B35,'FTD10'!C:G,5,0) -> GEMÜ | AP35: =VLOOKUP(B35,'FTD11'!C:E,1,0) -> Entrada fermentador BV alimentação CIP | AQ35: =VLOOKUP(C35,'FTD11'!A:E,1,0) -> Superior | AR35: =VLOOKUP(B35,'FTD11'!C:E,3,0) -> DN-25 | AS35: =VLOOKUP(B35,'FTD11'!C:G,5,0) -> GEMÜ | AT35: =VLOOKUP(B35,'FTD12'!C:E,1,0) -> Entrada fermentador BV alimentação CIP | AU35: =VLOOKUP(C35,'FTD12'!A:E,1,0) -> Superior | AV35: =VLOOKUP(B35,'FTD12'!C:E,3,0) -> DN-25 | AW35: =VLOOKUP(B35,'FTD12'!C:G,5,0) -> GEMÜ | AX35: =COUNTIF(E35:AU35,AU35) -> 11 | AY35: =COUNTIF(F35:AV35,AV35) -> 11 | BA35: Vapor linha alimentação nitrogênio | BB35: Superior | BC35: DN-25 | BD35: GEMÜ | BE35: =VLOOKUP(BA35,'PGD02'!C:E,1,0) -> Vapor linha alimentação nitrogênio | BG35: =VLOOKUP(BA35,'PGD02'!C:E,3,0) -> DN-25 | BH35: =VLOOKUP(BA35,'PGD02'!C:G,5,0) -> GEMÜ | BI35: =VLOOKUP(BA35,'PGD03'!C:E,1,0) -> Vapor linha alimentação nitrogênio | BK35: =VLOOKUP(BA35,'PGD03'!C:E,3,0) -> DN-25 | BL35: =VLOOKUP(BA35,'PGD03'!C:G,5,0) -> GEMÜ | BM35: =VLOOKUP(BA35,'PGD03'!C:E,1,0) -> Vapor linha alimentação nitrogênio | BO35: =VLOOKUP(BA35,'PGD04'!C:E,3,0) -> DN-25 | BP35: =VLOOKUP(BA35,'PGD04'!C:G,5,0) -> GEMÜ | BQ35: =VLOOKUP(BA35,'PGD05'!C:E,1,0) -> Vapor linha alimentação nitrogênio | BS35: =VLOOKUP(BA35,'PGD05'!C:E,3,0) -> DN-25 | BT35: =VLOOKUP(BA35,'PGD05'!C:G,5,0) -> GEMÜ | BU35: =VLOOKUP(BA35,'PGD06'!C:E,1,0) -> Vapor linha alimentação nitrogênio | BW35: =VLOOKUP(BA35,'PGD06'!C:E,3,0) -> DN-25 | BX35: =VLOOKUP(BA35,'PGD06'!C:G,5,0) -> GEMÜ | BY35: =VLOOKUP(BA35,'PGD07'!C:E,1,0) -> Vapor linha alimentação nitrogênio | CA35: =VLOOKUP(BA35,'PGD07'!C:E,3,0) -> DN-25 | CB35: =VLOOKUP(BA35,'PGD07'!C:G,5,0) -> GEMÜ | CC35: =VLOOKUP(BA35,'PGD08'!C:E,1,0) -> Vapor linha alimentação nitrogênio | CE35: =VLOOKUP(BA35,'PGD08'!C:E,3,0) -> DN-25 | CF35: =VLOOKUP(BA35,'PGD08'!C:G,5,0) -> GEMÜ | CG35: =VLOOKUP(BA35,'PGD09'!C:E,1,0) -> Vapor linha alimentação nitrogênio | CI35: =VLOOKUP(BA35,'PGD09'!C:E,3,0) -> DN-25 | CJ35: =VLOOKUP(BA35,'PGD09'!C:G,5,0) -> GEMÜ | CK35: =VLOOKUP(BA35,'PGD10'!C:E,1,0) -> Vapor linha alimentação nitrogênio | CM35: =VLOOKUP(BA35,'PGD10'!C:E,3,0) -> DN-25 | CN35: =VLOOKUP(BA35,'PGD10'!C:G,5,0) -> GEMÜ | CO35: =VLOOKUP(BA35,'PGD11'!C:E,1,0) -> Vapor linha alimentação nitrogênio | CQ35: =VLOOKUP(BA35,'PGD11'!C:E,3,0) -> DN-25 | CR35: =VLOOKUP(BA35,'PGD11'!C:G,5,0) -> GEMÜ | CS35: =VLOOKUP(BA35,'PGD12'!C:E,1,0) -> Vapor linha alimentação nitrogênio | CU35: =VLOOKUP(BA35,'PGD12'!C:E,3,0) -> DN-25 | CV35: =VLOOKUP(BA35,'PGD12'!C:G,5,0) -> GEMÜ | CW35: =COUNTIF(BE35:CU35,CU35) -> 11 | DA35: =COUNTIF(DA4:DA33,"GEMÜ") -> 22 | DD35: =COUNTIF(DD4:DD33,"GEMÜ") -> 22
B36: Entrada fermentador BV alimentação nitrogênio | C36: Superior | D36: DN-40 | E36: GEMÜ | F36: =VLOOKUP(B36,'FTD02'!C:E,1,0) -> Entrada fermentador BV alimentação nitrogênio | G36: =VLOOKUP(C36,'FTD02'!A:E,1,0) -> Superior | H36: =VLOOKUP(B36,'FTD02'!C:E,3,0) -> DN-40 | I36: =VLOOKUP(B36,'FTD02'!C:G,5,0) -> GEMÜ | J36: =VLOOKUP(B36,'FTD03'!C:E,1,0) -> Entrada fermentador BV alimentação nitrogênio | K36: =VLOOKUP(C36,'FTD03'!A:E,1,0) -> Superior | L36: =VLOOKUP(B36,'FTD03'!C:E,3,0) -> DN-40 | M36: =VLOOKUP(B36,'FTD03'!C:G,5,0) -> GEMÜ | N36: =VLOOKUP(B36,'FTD04'!C:E,1,0) -> Entrada fermentador BV alimentação nitrogênio | O36: =VLOOKUP(C36,'FTD04'!A:E,1,0) -> Superior | P36: =VLOOKUP(B36,'FTD04'!C:E,3,0) -> DN-40 | Q36: =VLOOKUP(B36,'FTD04'!C:G,5,0) -> GEMÜ | R36: =VLOOKUP(B36,'FTD05'!C:E,1,0) -> Entrada fermentador BV alimentação nitrogênio | S36: =VLOOKUP(C36,'FTD05'!A:E,1,0) -> Superior | T36: =VLOOKUP(B36,'FTD05'!C:E,3,0) -> DN-40 | U36: =VLOOKUP(B36,'FTD05'!C:G,5,0) -> GEMÜ | V36: =VLOOKUP(B36,'FTD06'!C:E,1,0) -> Entrada fermentador BV alimentação nitrogênio | W36: =VLOOKUP(C36,'FTD06'!A:E,1,0) -> Superior | X36: =VLOOKUP(B36,'FTD06'!C:E,3,0) -> DN-40 | Y36: =VLOOKUP(B36,'FTD06'!C:G,5,0) -> GEMÜ | Z36: =VLOOKUP(B36,'FTD07'!C:E,1,0) -> Entrada fermentador BV alimentação nitrogênio | AA36: =VLOOKUP(C36,'FTD07'!A:E,1,0) -> Superior | AB36: =VLOOKUP(B36,'FTD07'!C:E,3,0) -> DN-40 | AC36: =VLOOKUP(B36,'FTD07'!C:G,5,0) -> GEMÜ | AD36: =VLOOKUP(B36,'FTD08'!C:E,1,0) -> Entrada fermentador BV alimentação nitrogênio | AE36: =VLOOKUP(C36,'FTD08'!A:E,1,0) -> Superior | AF36: =VLOOKUP(B36,'FTD08'!C:E,3,0) -> DN-40 | AG36: =VLOOKUP(B36,'FTD08'!C:G,5,0) -> GEMÜ | AH36: =VLOOKUP(B36,'FTD09'!C:E,1,0) -> Entrada fermentador BV alimentação nitrogênio | AI36: =VLOOKUP(C36,'FTD09'!A:E,1,0) -> Superior | AJ36: =VLOOKUP(B36,'FTD09'!C:E,3,0) -> DN-40 | AK36: =VLOOKUP(B36,'FTD09'!C:G,5,0) -> GEMÜ | AL36: =VLOOKUP(B36,'FTD10'!C:E,1,0) -> Entrada fermentador BV alimentação nitrogênio | AM36: =VLOOKUP(C36,'FTD10'!A:E,1,0) -> Superior | AN36: =VLOOKUP(B36,'FTD10'!C:E,3,0) -> DN-40 | AO36: =VLOOKUP(B36,'FTD10'!C:G,5,0) -> GEMÜ | AP36: =VLOOKUP(B36,'FTD11'!C:E,1,0) -> Entrada fermentador BV alimentação nitrogênio | AQ36: =VLOOKUP(C36,'FTD11'!A:E,1,0) -> Superior | AR36: =VLOOKUP(B36,'FTD11'!C:E,3,0) -> DN-40 | AS36: =VLOOKUP(B36,'FTD11'!C:G,5,0) -> GEMÜ | AT36: =VLOOKUP(B36,'FTD12'!C:E,1,0) -> Entrada fermentador BV alimentação nitrogênio | AU36: =VLOOKUP(C36,'FTD12'!A:E,1,0) -> Superior | AV36: =VLOOKUP(B36,'FTD12'!C:E,3,0) -> DN-40 | AW36: =VLOOKUP(B36,'FTD12'!C:G,5,0) -> GEMÜ | AX36: =COUNTIF(E36:AU36,AU36) -> 11 | AY36: =COUNTIF(F36:AV36,AV36) -> 11 | BA36: Vapor linha de sais | BB36: Superior | BC36: DN-25 | BD36: GEMÜ | BE36: =VLOOKUP(BA36,'PGD02'!C:E,1,0) -> Vapor linha de sais | BG36: =VLOOKUP(BA36,'PGD02'!C:E,3,0) -> DN-25 | BH36: =VLOOKUP(BA36,'PGD02'!C:G,5,0) -> GEMÜ | BI36: =VLOOKUP(BA36,'PGD03'!C:E,1,0) -> Vapor linha de sais | BK36: =VLOOKUP(BA36,'PGD03'!C:E,3,0) -> DN-25 | BL36: =VLOOKUP(BA36,'PGD03'!C:G,5,0) -> GEMÜ | BM36: =VLOOKUP(BA36,'PGD03'!C:E,1,0) -> Vapor linha de sais | BO36: =VLOOKUP(BA36,'PGD04'!C:E,3,0) -> DN-25 | BP36: =VLOOKUP(BA36,'PGD04'!C:G,5,0) -> GEMÜ | BQ36: =VLOOKUP(BA36,'PGD05'!C:E,1,0) -> Vapor linha de sais | BS36: =VLOOKUP(BA36,'PGD05'!C:E,3,0) -> DN-25 | BT36: =VLOOKUP(BA36,'PGD05'!C:G,5,0) -> GEMÜ | BU36: =VLOOKUP(BA36,'PGD06'!C:E,1,0) -> Vapor linha de sais | BW36: =VLOOKUP(BA36,'PGD06'!C:E,3,0) -> DN-25 | BX36: =VLOOKUP(BA36,'PGD06'!C:G,5,0) -> GEMÜ | BY36: =VLOOKUP(BA36,'PGD07'!C:E,1,0) -> Vapor linha de sais | CA36: =VLOOKUP(BA36,'PGD07'!C:E,3,0) -> DN-25 | CB36: =VLOOKUP(BA36,'PGD07'!C:G,5,0) -> GEMÜ | CC36: =VLOOKUP(BA36,'PGD08'!C:E,1,0) -> Vapor linha de sais | CE36: =VLOOKUP(BA36,'PGD08'!C:E,3,0) -> DN-25 | CF36: =VLOOKUP(BA36,'PGD08'!C:G,5,0) -> GEMÜ | CG36: =VLOOKUP(BA36,'PGD09'!C:E,1,0) -> Vapor linha de sais | CI36: =VLOOKUP(BA36,'PGD09'!C:E,3,0) -> DN-25 | CJ36: =VLOOKUP(BA36,'PGD09'!C:G,5,0) -> GEMÜ | CK36: =VLOOKUP(BA36,'PGD10'!C:E,1,0) -> Vapor linha de sais | CM36: =VLOOKUP(BA36,'PGD10'!C:E,3,0) -> DN-25 | CN36: =VLOOKUP(BA36,'PGD10'!C:G,5,0) -> GEMÜ | CO36: =VLOOKUP(BA36,'PGD11'!C:E,1,0) -> Vapor linha de sais | CQ36: =VLOOKUP(BA36,'PGD11'!C:E,3,0) -> DN-25 | CR36: =VLOOKUP(BA36,'PGD11'!C:G,5,0) -> GEMÜ | CS36: =VLOOKUP(BA36,'PGD12'!C:E,1,0) -> Vapor linha de sais | CU36: =VLOOKUP(BA36,'PGD12'!C:E,3,0) -> DN-25 | CV36: =VLOOKUP(BA36,'PGD12'!C:G,5,0) -> GEMÜ | CW36: =COUNTIF(BE36:CU36,CU36) -> 11
B37: Entrada fermentador BV alimentação sais | C37: Superior | D37: DN-40 | E37: GEMÜ | F37: =VLOOKUP(B37,'FTD02'!C:E,1,0) -> Entrada fermentador BV alimentação sais | G37: =VLOOKUP(C37,'FTD02'!A:E,1,0) -> Superior | H37: =VLOOKUP(B37,'FTD02'!C:E,3,0) -> DN-40 | I37: =VLOOKUP(B37,'FTD02'!C:G,5,0) -> GEMÜ | J37: =VLOOKUP(B37,'FTD03'!C:E,1,0) -> Entrada fermentador BV alimentação sais | K37: =VLOOKUP(C37,'FTD03'!A:E,1,0) -> Superior | L37: =VLOOKUP(B37,'FTD03'!C:E,3,0) -> DN-40 | M37: =VLOOKUP(B37,'FTD03'!C:G,5,0) -> GEMÜ | N37: =VLOOKUP(B37,'FTD04'!C:E,1,0) -> Entrada fermentador BV alimentação sais | O37: =VLOOKUP(C37,'FTD04'!A:E,1,0) -> Superior | P37: =VLOOKUP(B37,'FTD04'!C:E,3,0) -> DN-40 | Q37: =VLOOKUP(B37,'FTD04'!C:G,5,0) -> GEMÜ | R37: =VLOOKUP(B37,'FTD05'!C:E,1,0) -> Entrada fermentador BV alimentação sais | S37: =VLOOKUP(C37,'FTD05'!A:E,1,0) -> Superior | T37: =VLOOKUP(B37,'FTD05'!C:E,3,0) -> DN-40 | U37: =VLOOKUP(B37,'FTD05'!C:G,5,0) -> GEMÜ | V37: =VLOOKUP(B37,'FTD06'!C:E,1,0) -> Entrada fermentador BV alimentação sais | W37: =VLOOKUP(C37,'FTD06'!A:E,1,0) -> Superior | X37: =VLOOKUP(B37,'FTD06'!C:E,3,0) -> DN-40 | Y37: =VLOOKUP(B37,'FTD06'!C:G,5,0) -> GEMÜ | Z37: =VLOOKUP(B37,'FTD07'!C:E,1,0) -> Entrada fermentador BV alimentação sais | AA37: =VLOOKUP(C37,'FTD07'!A:E,1,0) -> Superior | AB37: =VLOOKUP(B37,'FTD07'!C:E,3,0) -> DN-40 | AC37: =VLOOKUP(B37,'FTD07'!C:G,5,0) -> GEMÜ | AD37: =VLOOKUP(B37,'FTD08'!C:E,1,0) -> Entrada fermentador BV alimentação sais | AE37: =VLOOKUP(C37,'FTD08'!A:E,1,0) -> Superior | AF37: =VLOOKUP(B37,'FTD08'!C:E,3,0) -> DN-40 | AG37: =VLOOKUP(B37,'FTD08'!C:G,5,0) -> GEMÜ | AH37: =VLOOKUP(B37,'FTD09'!C:E,1,0) -> Entrada fermentador BV alimentação sais | AI37: =VLOOKUP(C37,'FTD09'!A:E,1,0) -> Superior | AJ37: =VLOOKUP(B37,'FTD09'!C:E,3,0) -> DN-40 | AK37: =VLOOKUP(B37,'FTD09'!C:G,5,0) -> GEMÜ | AL37: =VLOOKUP(B37,'FTD10'!C:E,1,0) -> Entrada fermentador BV alimentação sais | AM37: =VLOOKUP(C37,'FTD10'!A:E,1,0) -> Superior | AN37: =VLOOKUP(B37,'FTD10'!C:E,3,0) -> DN-40 | AO37: =VLOOKUP(B37,'FTD10'!C:G,5,0) -> GEMÜ | AP37: =VLOOKUP(B37,'FTD11'!C:E,1,0) -> Entrada fermentador BV alimentação sais | AQ37: =VLOOKUP(C37,'FTD11'!A:E,1,0) -> Superior | AR37: =VLOOKUP(B37,'FTD11'!C:E,3,0) -> DN-40 | AS37: =VLOOKUP(B37,'FTD11'!C:G,5,0) -> GEMÜ | AT37: =VLOOKUP(B37,'FTD12'!C:E,1,0) -> Entrada fermentador BV alimentação sais | AU37: =VLOOKUP(C37,'FTD12'!A:E,1,0) -> Superior | AV37: =VLOOKUP(B37,'FTD12'!C:E,3,0) -> DN-40 | AW37: =VLOOKUP(B37,'FTD12'!C:G,5,0) -> GEMÜ | AX37: =COUNTIF(E37:AU37,AU37) -> 11 | AY37: =COUNTIF(F37:AV37,AV37) -> 11 | BA37: Vapor linha transferência | BB37: Superior | BC37: DN-25 | BD37: GEMÜ | BE37: =VLOOKUP(BA37,'PGD02'!C:E,1,0) -> Vapor linha transferência | BG37: =VLOOKUP(BA37,'PGD02'!C:E,3,0) -> DN-25 | BH37: =VLOOKUP(BA37,'PGD02'!C:G,5,0) -> GEMÜ | BI37: =VLOOKUP(BA37,'PGD03'!C:E,1,0) -> Vapor linha transferência | BK37: =VLOOKUP(BA37,'PGD03'!C:E,3,0) -> DN-25 | BL37: =VLOOKUP(BA37,'PGD03'!C:G,5,0) -> GEMÜ | BM37: =VLOOKUP(BA37,'PGD03'!C:E,1,0) -> Vapor linha transferência | BO37: =VLOOKUP(BA37,'PGD04'!C:E,3,0) -> DN-25 | BP37: =VLOOKUP(BA37,'PGD04'!C:G,5,0) -> GEMÜ | BQ37: =VLOOKUP(BA37,'PGD05'!C:E,1,0) -> Vapor linha transferência | BS37: =VLOOKUP(BA37,'PGD05'!C:E,3,0) -> DN-25 | BT37: =VLOOKUP(BA37,'PGD05'!C:G,5,0) -> GEMÜ | BU37: =VLOOKUP(BA37,'PGD06'!C:E,1,0) -> Vapor linha transferência | BW37: =VLOOKUP(BA37,'PGD06'!C:E,3,0) -> DN-25 | BX37: =VLOOKUP(BA37,'PGD06'!C:G,5,0) -> GEMÜ | BY37: =VLOOKUP(BA37,'PGD07'!C:E,1,0) -> Vapor linha transferência | CA37: =VLOOKUP(BA37,'PGD07'!C:E,3,0) -> DN-25 | CB37: =VLOOKUP(BA37,'PGD07'!C:G,5,0) -> GEMÜ | CC37: =VLOOKUP(BA37,'PGD08'!C:E,1,0) -> Vapor linha transferência | CE37: =VLOOKUP(BA37,'PGD08'!C:E,3,0) -> DN-25 | CF37: =VLOOKUP(BA37,'PGD08'!C:G,5,0) -> GEMÜ | CG37: =VLOOKUP(BA37,'PGD09'!C:E,1,0) -> Vapor linha transferência | CI37: =VLOOKUP(BA37,'PGD09'!C:E,3,0) -> DN-25 | CJ37: =VLOOKUP(BA37,'PGD09'!C:G,5,0) -> GEMÜ | CK37: =VLOOKUP(BA37,'PGD10'!C:E,1,0) -> Vapor linha transferência | CM37: =VLOOKUP(BA37,'PGD10'!C:E,3,0) -> DN-25 | CN37: =VLOOKUP(BA37,'PGD10'!C:G,5,0) -> GEMÜ | CO37: =VLOOKUP(BA37,'PGD11'!C:E,1,0) -> Vapor linha transferência | CQ37: =VLOOKUP(BA37,'PGD11'!C:E,3,0) -> DN-25 | CR37: =VLOOKUP(BA37,'PGD11'!C:G,5,0) -> GEMÜ | CS37: =VLOOKUP(BA37,'PGD12'!C:E,1,0) -> Vapor linha transferência | CU37: =VLOOKUP(BA37,'PGD12'!C:E,3,0) -> DN-25 | CV37: =VLOOKUP(BA37,'PGD12'!C:G,5,0) -> GEMÜ | CW37: =COUNTIF(BE37:CU37,CU37) -> 11
B38: Entrada fermentador BV transferência do propagador | C38: Superior | D38: DN-40 | E38: GEMÜ | F38: =VLOOKUP(B38,'FTD02'!C:E,1,0) -> Entrada fermentador BV transferência do propagador | G38: =VLOOKUP(C38,'FTD02'!A:E,1,0) -> Superior | H38: =VLOOKUP(B38,'FTD02'!C:E,3,0) -> DN-40 | I38: =VLOOKUP(B38,'FTD02'!C:G,5,0) -> GEMÜ | J38: =VLOOKUP(B38,'FTD03'!C:E,1,0) -> Entrada fermentador BV transferência do propagador | K38: =VLOOKUP(C38,'FTD03'!A:E,1,0) -> Superior | L38: =VLOOKUP(B38,'FTD03'!C:E,3,0) -> DN-40 | M38: =VLOOKUP(B38,'FTD03'!C:G,5,0) -> GEMÜ | N38: =VLOOKUP(B38,'FTD04'!C:E,1,0) -> Entrada fermentador BV transferência do propagador | O38: =VLOOKUP(C38,'FTD04'!A:E,1,0) -> Superior | P38: =VLOOKUP(B38,'FTD04'!C:E,3,0) -> DN-40 | Q38: =VLOOKUP(B38,'FTD04'!C:G,5,0) -> GEMÜ | R38: =VLOOKUP(B38,'FTD05'!C:E,1,0) -> Entrada fermentador BV transferência do propagador | S38: =VLOOKUP(C38,'FTD05'!A:E,1,0) -> Superior | T38: =VLOOKUP(B38,'FTD05'!C:E,3,0) -> DN-40 | U38: =VLOOKUP(B38,'FTD05'!C:G,5,0) -> GEMÜ | V38: =VLOOKUP(B38,'FTD06'!C:E,1,0) -> Entrada fermentador BV transferência do propagador | W38: =VLOOKUP(C38,'FTD06'!A:E,1,0) -> Superior | X38: =VLOOKUP(B38,'FTD06'!C:E,3,0) -> DN-40 | Y38: =VLOOKUP(B38,'FTD06'!C:G,5,0) -> GEMÜ | Z38: =VLOOKUP(B38,'FTD07'!C:E,1,0) -> Entrada fermentador BV transferência do propagador | AA38: =VLOOKUP(C38,'FTD07'!A:E,1,0) -> Superior | AB38: =VLOOKUP(B38,'FTD07'!C:E,3,0) -> DN-40 | AC38: =VLOOKUP(B38,'FTD07'!C:G,5,0) -> GEMÜ | AD38: =VLOOKUP(B38,'FTD08'!C:E,1,0) -> Entrada fermentador BV transferência do propagador | AE38: =VLOOKUP(C38,'FTD08'!A:E,1,0) -> Superior | AF38: =VLOOKUP(B38,'FTD08'!C:E,3,0) -> DN-40 | AG38: =VLOOKUP(B38,'FTD08'!C:G,5,0) -> GEMÜ | AH38: =VLOOKUP(B38,'FTD09'!C:E,1,0) -> Entrada fermentador BV transferência do propagador | AI38: =VLOOKUP(C38,'FTD09'!A:E,1,0) -> Superior | AJ38: =VLOOKUP(B38,'FTD09'!C:E,3,0) -> DN-40 | AK38: =VLOOKUP(B38,'FTD09'!C:G,5,0) -> GEMÜ | AL38: =VLOOKUP(B38,'FTD10'!C:E,1,0) -> Entrada fermentador BV transferência do propagador | AM38: =VLOOKUP(C38,'FTD10'!A:E,1,0) -> Superior | AN38: =VLOOKUP(B38,'FTD10'!C:E,3,0) -> DN-40 | AO38: =VLOOKUP(B38,'FTD10'!C:G,5,0) -> GEMÜ | AP38: =VLOOKUP(B38,'FTD11'!C:E,1,0) -> Entrada fermentador BV transferência do propagador | AQ38: =VLOOKUP(C38,'FTD11'!A:E,1,0) -> Superior | AR38: =VLOOKUP(B38,'FTD11'!C:E,3,0) -> DN-40 | AS38: =VLOOKUP(B38,'FTD11'!C:G,5,0) -> GEMÜ | AT38: =VLOOKUP(B38,'FTD12'!C:E,1,0) -> Entrada fermentador BV transferência do propagador | AU38: =VLOOKUP(C38,'FTD12'!A:E,1,0) -> Superior | AV38: =VLOOKUP(B38,'FTD12'!C:E,3,0) -> DN-40 | AW38: =VLOOKUP(B38,'FTD12'!C:G,5,0) -> GEMÜ | AX38: =COUNTIF(E38:AU38,AU38) -> 11 | AY38: =COUNTIF(F38:AV38,AV38) -> 11 | BA38: Entrada bloco BV alimentação CIP | BB38: Superior | BC38: DN-25 | BD38: GEMÜ | BE38: =VLOOKUP(BA38,'PGD02'!C:E,1,0) -> Entrada bloco BV alimentação CIP | BG38: =VLOOKUP(BA38,'PGD02'!C:E,3,0) -> DN-25 | BH38: =VLOOKUP(BA38,'PGD02'!C:G,5,0) -> GEMÜ | BI38: =VLOOKUP(BA38,'PGD03'!C:E,1,0) -> Entrada bloco BV alimentação CIP | BK38: =VLOOKUP(BA38,'PGD03'!C:E,3,0) -> DN-25 | BL38: =VLOOKUP(BA38,'PGD03'!C:G,5,0) -> GEMÜ | BM38: =VLOOKUP(BA38,'PGD03'!C:E,1,0) -> Entrada bloco BV alimentação CIP | BO38: =VLOOKUP(BA38,'PGD04'!C:E,3,0) -> DN-25 | BP38: =VLOOKUP(BA38,'PGD04'!C:G,5,0) -> GEMÜ | BQ38: =VLOOKUP(BA38,'PGD05'!C:E,1,0) -> Entrada bloco BV alimentação CIP | BS38: =VLOOKUP(BA38,'PGD05'!C:E,3,0) -> DN-25 | BT38: =VLOOKUP(BA38,'PGD05'!C:G,5,0) -> GEMÜ | BU38: =VLOOKUP(BA38,'PGD06'!C:E,1,0) -> Entrada bloco BV alimentação CIP | BW38: =VLOOKUP(BA38,'PGD06'!C:E,3,0) -> DN-25 | BX38: =VLOOKUP(BA38,'PGD06'!C:G,5,0) -> GEMÜ | BY38: =VLOOKUP(BA38,'PGD07'!C:E,1,0) -> Entrada bloco BV alimentação CIP | CA38: =VLOOKUP(BA38,'PGD07'!C:E,3,0) -> DN-25 | CB38: =VLOOKUP(BA38,'PGD07'!C:G,5,0) -> GEMÜ | CC38: =VLOOKUP(BA38,'PGD08'!C:E,1,0) -> Entrada bloco BV alimentação CIP | CE38: =VLOOKUP(BA38,'PGD08'!C:E,3,0) -> DN-25 | CF38: =VLOOKUP(BA38,'PGD08'!C:G,5,0) -> GEMÜ | CG38: =VLOOKUP(BA38,'PGD09'!C:E,1,0) -> Entrada bloco BV alimentação CIP | CI38: =VLOOKUP(BA38,'PGD09'!C:E,3,0) -> DN-25 | CJ38: =VLOOKUP(BA38,'PGD09'!C:G,5,0) -> GEMÜ | CK38: =VLOOKUP(BA38,'PGD10'!C:E,1,0) -> Entrada bloco BV alimentação CIP | CM38: =VLOOKUP(BA38,'PGD10'!C:E,3,0) -> DN-25 | CN38: =VLOOKUP(BA38,'PGD10'!C:G,5,0) -> GEMÜ | CO38: =VLOOKUP(BA38,'PGD11'!C:E,1,0) -> Entrada bloco BV alimentação CIP | CQ38: =VLOOKUP(BA38,'PGD11'!C:E,3,0) -> DN-25 | CR38: =VLOOKUP(BA38,'PGD11'!C:G,5,0) -> GEMÜ | CS38: =VLOOKUP(BA38,'PGD12'!C:E,1,0) -> Entrada bloco BV alimentação CIP | CU38: =VLOOKUP(BA38,'PGD12'!C:E,3,0) -> DN-25 | CV38: =VLOOKUP(BA38,'PGD12'!C:G,5,0) -> GEMÜ | CW38: =COUNTIF(BE38:CU38,CU38) -> 11
B39: Válvula de bloqueio vapor linha de ar pré filtro absoluto | C39: Superior | D39: DN-8 | E39: ZDL | F39: =VLOOKUP(B39,'FTD02'!C:E,1,0) -> Válvula de bloqueio vapor linha de ar pré filtro absoluto | G39: =VLOOKUP(C39,'FTD02'!A:E,1,0) -> Superior | H39: =VLOOKUP(B39,'FTD02'!C:E,3,0) -> DN-8 | I39: =VLOOKUP(B39,'FTD02'!C:G,5,0) -> ZDL | J39: =VLOOKUP(B39,'FTD03'!C:E,1,0) -> Válvula de bloqueio vapor linha de ar pré filtro absoluto | K39: =VLOOKUP(C39,'FTD03'!A:E,1,0) -> Superior | L39: =VLOOKUP(B39,'FTD03'!C:E,3,0) -> DN-8 | M39: =VLOOKUP(B39,'FTD03'!C:G,5,0) -> ZDL | N39: =VLOOKUP(B39,'FTD04'!C:E,1,0) -> Válvula de bloqueio vapor linha de ar pré filtro absoluto | O39: =VLOOKUP(C39,'FTD04'!A:E,1,0) -> Superior | P39: =VLOOKUP(B39,'FTD04'!C:E,3,0) -> DN-8 | Q39: =VLOOKUP(B39,'FTD04'!C:G,5,0) -> ZDL | R39: =VLOOKUP(B39,'FTD05'!C:E,1,0) -> Válvula de bloqueio vapor linha de ar pré filtro absoluto | S39: =VLOOKUP(C39,'FTD05'!A:E,1,0) -> Superior | T39: =VLOOKUP(B39,'FTD05'!C:E,3,0) -> DN-8 | U39: =VLOOKUP(B39,'FTD05'!C:G,5,0) -> ZDL | V39: =VLOOKUP(B39,'FTD06'!C:E,1,0) -> Válvula de bloqueio vapor linha de ar pré filtro absoluto | W39: =VLOOKUP(C39,'FTD06'!A:E,1,0) -> Superior | X39: =VLOOKUP(B39,'FTD06'!C:E,3,0) -> DN-8 | Y39: =VLOOKUP(B39,'FTD06'!C:G,5,0) -> GEMÜ | Z39: =VLOOKUP(B39,'FTD07'!C:E,1,0) -> Válvula de bloqueio vapor linha de ar pré filtro absoluto | AA39: =VLOOKUP(C39,'FTD07'!A:E,1,0) -> Superior | AB39: =VLOOKUP(B39,'FTD07'!C:E,3,0) -> DN-8 | AC39: =VLOOKUP(B39,'FTD07'!C:G,5,0) -> ZDL | AD39: =VLOOKUP(B39,'FTD08'!C:E,1,0) -> Válvula de bloqueio vapor linha de ar pré filtro absoluto | AE39: =VLOOKUP(C39,'FTD08'!A:E,1,0) -> Superior | AF39: =VLOOKUP(B39,'FTD08'!C:E,3,0) -> DN-8 | AG39: =VLOOKUP(B39,'FTD08'!C:G,5,0) -> ZDL | AH39: =VLOOKUP(B39,'FTD09'!C:E,1,0) -> Válvula de bloqueio vapor linha de ar pré filtro absoluto | AI39: =VLOOKUP(C39,'FTD09'!A:E,1,0) -> Superior | AJ39: =VLOOKUP(B39,'FTD09'!C:E,3,0) -> DN-8 | AK39: =VLOOKUP(B39,'FTD09'!C:G,5,0) -> ZDL | AL39: =VLOOKUP(B39,'FTD10'!C:E,1,0) -> Válvula de bloqueio vapor linha de ar pré filtro absoluto | AM39: =VLOOKUP(C39,'FTD10'!A:E,1,0) -> Superior | AN39: =VLOOKUP(B39,'FTD10'!C:E,3,0) -> DN-8 | AO39: =VLOOKUP(B39,'FTD10'!C:G,5,0) -> ZDL | AP39: =VLOOKUP(B39,'FTD11'!C:E,1,0) -> Válvula de bloqueio vapor linha de ar pré filtro absoluto | AQ39: =VLOOKUP(C39,'FTD11'!A:E,1,0) -> Superior | AR39: =VLOOKUP(B39,'FTD11'!C:E,3,0) -> DN-8 | AS39: =VLOOKUP(B39,'FTD11'!C:G,5,0) -> ZDL | AT39: =VLOOKUP(B39,'FTD12'!C:E,1,0) -> Válvula de bloqueio vapor linha de ar pré filtro absoluto | AU39: =VLOOKUP(C39,'FTD12'!A:E,1,0) -> Superior | AV39: =VLOOKUP(B39,'FTD12'!C:E,3,0) -> DN-8 | AW39: =VLOOKUP(B39,'FTD12'!C:G,5,0) -> ZDL | AX39: =COUNTIF(E39:AU39,AU39) -> 11 | AY39: =COUNTIF(F39:AV39,AV39) -> 11 | BA39: Entrada propagador BV alimentação CIP | BB39: Superior | BC39: DN-25 | BD39: GEMÜ | BE39: =VLOOKUP(BA39,'PGD02'!C:E,1,0) -> Entrada propagador BV alimentação CIP | BG39: =VLOOKUP(BA39,'PGD02'!C:E,3,0) -> DN-25 | BH39: =VLOOKUP(BA39,'PGD02'!C:G,5,0) -> GEMÜ | BI39: =VLOOKUP(BA39,'PGD03'!C:E,1,0) -> Entrada propagador BV alimentação CIP | BK39: =VLOOKUP(BA39,'PGD03'!C:E,3,0) -> DN-25 | BL39: =VLOOKUP(BA39,'PGD03'!C:G,5,0) -> GEMÜ | BM39: =VLOOKUP(BA39,'PGD03'!C:E,1,0) -> Entrada propagador BV alimentação CIP | BO39: =VLOOKUP(BA39,'PGD04'!C:E,3,0) -> DN-25 | BP39: =VLOOKUP(BA39,'PGD04'!C:G,5,0) -> GEMÜ | BQ39: =VLOOKUP(BA39,'PGD05'!C:E,1,0) -> Entrada propagador BV alimentação CIP | BS39: =VLOOKUP(BA39,'PGD05'!C:E,3,0) -> DN-25 | BT39: =VLOOKUP(BA39,'PGD05'!C:G,5,0) -> GEMÜ | BU39: =VLOOKUP(BA39,'PGD06'!C:E,1,0) -> Entrada propagador BV alimentação CIP | BW39: =VLOOKUP(BA39,'PGD06'!C:E,3,0) -> DN-25 | BX39: =VLOOKUP(BA39,'PGD06'!C:G,5,0) -> GEMÜ | BY39: =VLOOKUP(BA39,'PGD07'!C:E,1,0) -> Entrada propagador BV alimentação CIP | CA39: =VLOOKUP(BA39,'PGD07'!C:E,3,0) -> DN-25 | CB39: =VLOOKUP(BA39,'PGD07'!C:G,5,0) -> GEMÜ | CC39: =VLOOKUP(BA39,'PGD08'!C:E,1,0) -> Entrada propagador BV alimentação CIP | CE39: =VLOOKUP(BA39,'PGD08'!C:E,3,0) -> DN-25 | CF39: =VLOOKUP(BA39,'PGD08'!C:G,5,0) -> GEMÜ | CG39: =VLOOKUP(BA39,'PGD09'!C:E,1,0) -> Entrada propagador BV alimentação CIP | CI39: =VLOOKUP(BA39,'PGD09'!C:E,3,0) -> DN-25 | CJ39: =VLOOKUP(BA39,'PGD09'!C:G,5,0) -> GEMÜ | CK39: =VLOOKUP(BA39,'PGD10'!C:E,1,0) -> Entrada propagador BV alimentação CIP | CM39: =VLOOKUP(BA39,'PGD10'!C:E,3,0) -> DN-25 | CN39: =VLOOKUP(BA39,'PGD10'!C:G,5,0) -> GEMÜ | CO39: =VLOOKUP(BA39,'PGD11'!C:E,1,0) -> Entrada propagador BV alimentação CIP | CQ39: =VLOOKUP(BA39,'PGD11'!C:E,3,0) -> DN-25 | CR39: =VLOOKUP(BA39,'PGD11'!C:G,5,0) -> GEMÜ | CS39: =VLOOKUP(BA39,'PGD12'!C:E,1,0) -> Entrada propagador BV alimentação CIP | CU39: =VLOOKUP(BA39,'PGD12'!C:E,3,0) -> DN-25 | CV39: =VLOOKUP(BA39,'PGD12'!C:G,5,0) -> GEMÜ | CW39: =COUNTIF(BE39:CU39,CU39) -> 11
